nohup: 입력 무시
Filtering the images containing characters which are not in opt.character
Filtering the images whose label is longer than opt.batch_max_length
--------------------------------------------------------------------------------
dataset_root: ./step3/training
opt.select_data: ['/']
opt.batch_ratio: ['1']
--------------------------------------------------------------------------------
dataset_root:    ./step3/training	 dataset: /
sub-directory:	/.	 num samples: 287997
num total samples of /: 287997 x 1.0 (total_data_usage_ratio) = 287997
num samples of / per batch: 192 x 1.0 (batch_ratio) = 192
--------------------------------------------------------------------------------
Total_batch_size: 192 = 192
--------------------------------------------------------------------------------
dataset_root:    ./step3/validation	 dataset: /
sub-directory:	/.	 num samples: 72000
--------------------------------------------------------------------------------
No Transformation module specified
model input parameters 32 100 20 1 256 256 975 25 None VGG BiLSTM CTC
loading pretrained model from ./saved_model/korean_g2.pth
Skipped incompatible/missing weights: ['module.Prediction.bias', 'module.Prediction.weight']
Model:
DataParallel(
  (module): Model(
    (FeatureExtraction): VGG_FeatureExtractor(
      (ConvNet): Sequential(
        (0): Conv2d(1, 32, kernel_size=(3, 3), stride=(1, 1), padding=(1, 1))
        (1): ReLU(inplace=True)
        (2): MaxPool2d(kernel_size=2, stride=2, padding=0, dilation=1, ceil_mode=False)
        (3): Conv2d(32, 64, kernel_size=(3, 3), stride=(1, 1), padding=(1, 1))
        (4): ReLU(inplace=True)
        (5): MaxPool2d(kernel_size=2, stride=2, padding=0, dilation=1, ceil_mode=False)
        (6): Conv2d(64, 128, kernel_size=(3, 3), stride=(1, 1), padding=(1, 1))
        (7): ReLU(inplace=True)
        (8): Conv2d(128, 128, kernel_size=(3, 3), stride=(1, 1), padding=(1, 1))
        (9): ReLU(inplace=True)
        (10): MaxPool2d(kernel_size=(2, 1), stride=(2, 1), padding=0, dilation=1, ceil_mode=False)
        (11): Conv2d(128, 256, kernel_size=(3, 3), stride=(1, 1), padding=(1, 1), bias=False)
        (12): BatchNorm2d(256, eps=1e-05, momentum=0.1, affine=True, bias=True, track_running_stats=True)
        (13): ReLU(inplace=True)
        (14): Conv2d(256, 256, kernel_size=(3, 3), stride=(1, 1), padding=(1, 1), bias=False)
        (15): BatchNorm2d(256, eps=1e-05, momentum=0.1, affine=True, bias=True, track_running_stats=True)
        (16): ReLU(inplace=True)
        (17): MaxPool2d(kernel_size=(2, 1), stride=(2, 1), padding=0, dilation=1, ceil_mode=False)
        (18): Conv2d(256, 256, kernel_size=(2, 2), stride=(1, 1))
        (19): ReLU(inplace=True)
      )
    )
    (AdaptiveAvgPool): AdaptiveAvgPool2d(output_size=(None, 1))
    (SequenceModeling): Sequential(
      (0): BidirectionalLSTM(
        (rnn): LSTM(256, 256, batch_first=True, bidirectional=True)
        (linear): Linear(in_features=512, out_features=256, bias=True)
      )
      (1): BidirectionalLSTM(
        (rnn): LSTM(256, 256, batch_first=True, bidirectional=True)
        (linear): Linear(in_features=512, out_features=256, bias=True)
      )
    )
    (Prediction): Linear(in_features=256, out_features=975, bias=True)
  )
)
Trainable params num :  4006991
Optimizer:
Adadelta (
Parameter Group 0
    capturable: False
    differentiable: False
    eps: 1e-08
    foreach: None
    lr: 1
    maximize: False
    rho: 0.95
    weight_decay: 0
)
------------ Options -------------
exp_name: None-VGG-BiLSTM-CTC-Seed2026
train_data: ./step3/training
valid_data: ./step3/validation
manualSeed: 2026
workers: 4
batch_size: 192
num_iter: 300000
valInterval: 1500
saved_model: ./saved_model/korean_g2.pth
FT: True
adam: False
lr: 1
beta1: 0.9
rho: 0.95
eps: 1e-08
grad_clip: 5
baiduCTC: False
select_data: ['/']
batch_ratio: ['1']
total_data_usage_ratio: 1.0
batch_max_length: 25
imgH: 32
imgW: 100
rgb: False
character: ()가각간갇갈감갑값갓강갖같갚갛개객걀걔거걱건걷걸검겁것겉게겨격겪견결겹경곁계고곡곤곧골곰곱곳공과관광괜괴굉교구국군굳굴굵굶굽궁권귀귓규균귤그극근글긁금급긋긍기긴길김깅깊까깍깎깐깔깜깝깡깥깨꺼꺾껌껍껏껑께껴꼬꼭꼴꼼꼽꽂꽃꽉꽤꾸꾼꿀꿈뀌끄끈끊끌끓끔끗끝끼낌나낙낚난날낡남납낫낭낮낯낱낳내냄냇냉냐냥너넉넌널넓넘넣네넥넷녀녁년념녕노녹논놀놈농높놓놔뇌뇨누눈눕뉘뉴늄느늑는늘늙능늦늬니닐님다닥닦단닫달닭닮담답닷당닿대댁댐댓더덕던덜덟덤덥덧덩덮데델도독돈돌돕돗동돼되된두둑둘둠둡둥뒤뒷드득든듣들듬듭듯등디딩딪따딱딴딸땀땅때땜떠떡떤떨떻떼또똑뚜뚫뚱뛰뜨뜩뜯뜰뜻띄라락란람랍랑랗래랜램랫략량러럭런럴럼럽럿렁렇레렉렌려력련렬렵령례로록론롬롭롯료루룩룹룻뤄류륙률륭르른름릇릎리릭린림립릿링마막만많말맑맘맙맛망맞맡맣매맥맨맵맺머먹먼멀멈멋멍멎메멘멩며면멸명몇모목몬몰몸몹못몽묘무묵묶문묻물뭄뭇뭐뭘뭣므미민믿밀밉밌및밑바박밖반받발밝밟밤밥방밭배백뱀뱃뱉버번벌범법벗베벤벨벼벽변별볍병볕보복볶본볼봄봇봉뵈뵙부북분불붉붐붓붕붙뷰브븐블비빌빔빗빚빛빠빡빨빵빼뺏뺨뻐뻔뻗뼈뼉뽑뿌뿐쁘쁨사삭산살삶삼삿상새색샌생샤서석섞선설섬섭섯성세섹센셈셋셔션소속손솔솜솟송솥쇄쇠쇼수숙순숟술숨숫숭숲쉬쉰쉽슈스슨슬슴습슷승시식신싣실싫심십싯싱싶싸싹싼쌀쌍쌓써썩썰썹쎄쏘쏟쑤쓰쓴쓸씀씌씨씩씬씹씻아악안앉않알앓암압앗앙앞애액앨야약얀얄얇양얕얗얘어억언얹얻얼엄업없엇엉엊엌엎에엔엘여역연열엷염엽엿영옆예옛오옥온올옮옳옷옹와완왕왜왠외왼요욕용우욱운울움웃웅워원월웨웬위윗유육율으윽은을음응의이익인일읽잃임입잇있잊잎자작잔잖잘잠잡잣장잦재쟁쟤저적전절젊점접젓정젖제젠젯져조족존졸좀좁종좋좌죄주죽준줄줌줍중쥐즈즉즌즐즘증지직진질짐집짓징짙짚짜짝짧째쨌쩌쩍쩐쩔쩜쪽쫓쭈쭉찌찍찢차착찬찮찰참찻창찾채책챔챙처척천철첩첫청체쳐초촉촌촛총촬최추축춘출춤춥춧충취츠측츰층치칙친칠침칫칭카칸칼캄캐캠커컨컬컴컵컷케켓켜코콘콜콤콩쾌쿄쿠퀴크큰클큼키킬타탁탄탈탑탓탕태택탤터턱턴털텅테텍텔템토톤톨톱통퇴투툴툼퉁튀튜트특튼튿틀틈티틱팀팅파팎판팔팝패팩팬퍼퍽페펜펴편펼평폐포폭폰표푸푹풀품풍퓨프플픔피픽필핏핑하학한할함합항해핵핸햄햇행향허헌험헤헬혀현혈협형혜호혹혼홀홈홉홍화확환활황회획횟횡효후훈훌훔훨휘휴흉흐흑흔흘흙흡흥흩희흰히힘
sensitive: False
PAD: False
data_filtering_off: False
Transformation: None
FeatureExtraction: VGG
SequenceModeling: BiLSTM
Prediction: CTC
num_fiducial: 20
input_channel: 1
output_channel: 256
hidden_size: 256
num_gpu: 1
num_class: 975
---------------------------------------

[1/300000] Train loss: 121.45287, Valid loss: 100.57812, Elapsed_time: 0.95570
Current_accuracy : 0.000, Current_norm_ED  : 0.00
Best_accuracy    : 0.000, Best_norm_ED     : 0.00
--------------------------------------------------------------------------------
Ground Truth              | Prediction                | Confidence Score & T/F
--------------------------------------------------------------------------------
종소리                       | 점뱃쾌왼엔언얇련즐족콘피              | 0.0000	False
화재                        | 몇족삿잘든호군츠첩과벌억큰해콘햇          | 0.0000	False
간호                        | 암몇능본까급꼼붓톨릭벗뺏탓과햇엉피         | 0.0000	False
판                         | 셔릿덮릿뜩업뭇삿뱃페뱃쇄콘쇄콘금          | 0.0000	False
빼앗기다                      | 룻난짚속탓열돼염엉붐노염충초엉뇨컷반뱃콘      | 0.0000	False
--------------------------------------------------------------------------------
[1500/300000] Train loss: 2.48217, Valid loss: 0.67327, Elapsed_time: 127.36335
Current_accuracy : 65.156, Current_norm_ED  : 0.83
Best_accuracy    : 65.156, Best_norm_ED     : 0.83
--------------------------------------------------------------------------------
Ground Truth              | Prediction                | Confidence Score & T/F
--------------------------------------------------------------------------------
다루다                       | 다주다                       | 0.8009	False
광장                        | 관장                        | 0.9197	False
한국                        | 한국                        | 0.9597	True
행복                        | 행복                        | 0.2256	True
손질                        | 손질                        | 0.7940	True
--------------------------------------------------------------------------------
[3000/300000] Train loss: 0.42925, Valid loss: 0.33313, Elapsed_time: 209.61639
Current_accuracy : 80.956, Current_norm_ED  : 0.91
Best_accuracy    : 80.956, Best_norm_ED     : 0.91
--------------------------------------------------------------------------------
Ground Truth              | Prediction                | Confidence Score & T/F
--------------------------------------------------------------------------------
근거하다                      | 근거하다                      | 0.8308	True
휴식                        | 휴식                        | 0.4725	True
터                         | 터                         | 0.9732	True
고향                        | 고향                        | 0.9864	True
김치찌개                      | 집지개                       | 0.0524	False
--------------------------------------------------------------------------------
[4500/300000] Train loss: 0.22929, Valid loss: 0.26209, Elapsed_time: 291.65232
Current_accuracy : 84.957, Current_norm_ED  : 0.93
Best_accuracy    : 84.957, Best_norm_ED     : 0.93
--------------------------------------------------------------------------------
Ground Truth              | Prediction                | Confidence Score & T/F
--------------------------------------------------------------------------------
걱정                        | 걱정                        | 0.9771	True
직접                        | 직접                        | 0.9404	True
중단                        | 중단                        | 0.6678	True
판단하다                      | 판단하다                      | 0.5709	True
교통사고                      | 교통사고                      | 0.9731	True
--------------------------------------------------------------------------------
[6000/300000] Train loss: 0.14895, Valid loss: 0.21522, Elapsed_time: 373.78276
Current_accuracy : 87.807, Current_norm_ED  : 0.95
Best_accuracy    : 87.807, Best_norm_ED     : 0.95
--------------------------------------------------------------------------------
Ground Truth              | Prediction                | Confidence Score & T/F
--------------------------------------------------------------------------------
무대                        | 무대                        | 0.9932	True
일행                        | 일행                        | 0.8972	True
충고                        | 충고                        | 0.9610	True
연결되다                      | 면경되다                      | 0.6971	False
형제                        | 경제                        | 0.5967	False
--------------------------------------------------------------------------------
[7500/300000] Train loss: 0.10543, Valid loss: 0.17792, Elapsed_time: 455.82948
Current_accuracy : 89.938, Current_norm_ED  : 0.96
Best_accuracy    : 89.938, Best_norm_ED     : 0.96
--------------------------------------------------------------------------------
Ground Truth              | Prediction                | Confidence Score & T/F
--------------------------------------------------------------------------------
지저분하다                     | 지저분하다                     | 0.3396	True
진행하다                      | 진망하다                      | 0.2316	False
무의미하다                     | 무의미하다                     | 0.8892	True
밑                         | 밑                         | 0.9941	True
보도하다                      | 보도하다                      | 0.6627	True
--------------------------------------------------------------------------------
[9000/300000] Train loss: 0.07570, Valid loss: 0.17462, Elapsed_time: 536.11411
Current_accuracy : 90.340, Current_norm_ED  : 0.96
Best_accuracy    : 90.340, Best_norm_ED     : 0.96
--------------------------------------------------------------------------------
Ground Truth              | Prediction                | Confidence Score & T/F
--------------------------------------------------------------------------------
제대하다                      | 제대하다                      | 0.9917	True
의도적                       | 의도적                       | 0.9534	True
딸                         | 딸                         | 0.9787	True
잘리다                       | 잘리다                       | 0.9319	True
설날                        | 설날                        | 0.9983	True
--------------------------------------------------------------------------------
[10500/300000] Train loss: 0.05485, Valid loss: 0.14829, Elapsed_time: 615.95031
Current_accuracy : 91.783, Current_norm_ED  : 0.96
Best_accuracy    : 91.783, Best_norm_ED     : 0.96
--------------------------------------------------------------------------------
Ground Truth              | Prediction                | Confidence Score & T/F
--------------------------------------------------------------------------------
겁나다                       | 겁나다                       | 0.9975	True
행해지다                      | 행해지다                      | 0.8450	True
푹                         | 푹                         | 0.8210	True
하루                        | 하루                        | 0.9833	True
고장                        | 고장                        | 0.9288	True
--------------------------------------------------------------------------------
[12000/300000] Train loss: 0.03951, Valid loss: 0.14028, Elapsed_time: 696.41658
Current_accuracy : 92.468, Current_norm_ED  : 0.97
Best_accuracy    : 92.468, Best_norm_ED     : 0.97
--------------------------------------------------------------------------------
Ground Truth              | Prediction                | Confidence Score & T/F
--------------------------------------------------------------------------------
몸속                        | 용속                        | 0.5498	False
초대                        | 초대                        | 0.5292	True
호주머니                      | 호주머니                      | 0.9863	True
그리워하다                     | 그리워하다                     | 0.9769	True
국민                        | 국민                        | 0.9717	True
--------------------------------------------------------------------------------
[13500/300000] Train loss: 0.02897, Valid loss: 0.14703, Elapsed_time: 777.66877
Current_accuracy : 92.369, Current_norm_ED  : 0.97
Best_accuracy    : 92.468, Best_norm_ED     : 0.97
--------------------------------------------------------------------------------
Ground Truth              | Prediction                | Confidence Score & T/F
--------------------------------------------------------------------------------
꼭                         | 짝                         | 0.3963	False
여권                        | 여권                        | 0.5811	True
못                         | 못                         | 0.9135	True
재활용품                      | 재활용품                      | 0.9916	True
정류장                       | 정류장                       | 0.9411	True
--------------------------------------------------------------------------------
[15000/300000] Train loss: 0.02122, Valid loss: 0.12946, Elapsed_time: 857.63105
Current_accuracy : 93.299, Current_norm_ED  : 0.97
Best_accuracy    : 93.299, Best_norm_ED     : 0.97
--------------------------------------------------------------------------------
Ground Truth              | Prediction                | Confidence Score & T/F
--------------------------------------------------------------------------------
색깔                        | 색깔                        | 0.9988	True
사십                        | 사십                        | 0.9996	True
고르다                       | 고르다                       | 0.5961	True
반짝거리다                     | 반짝거리다                     | 0.8864	True
밥                         | 밥                         | 0.9994	True
--------------------------------------------------------------------------------
[16500/300000] Train loss: 0.01546, Valid loss: 0.12781, Elapsed_time: 940.56221
Current_accuracy : 93.494, Current_norm_ED  : 0.97
Best_accuracy    : 93.494, Best_norm_ED     : 0.97
--------------------------------------------------------------------------------
Ground Truth              | Prediction                | Confidence Score & T/F
--------------------------------------------------------------------------------
막히다                       | 막히다                       | 0.5099	True
더위                        | 더위                        | 0.9999	True
국왕                        | 국왕                        | 0.9839	True
연예인                       | 연예인                       | 0.5031	True
시간                        | 시간                        | 0.9992	True
--------------------------------------------------------------------------------
[18000/300000] Train loss: 0.01160, Valid loss: 0.15264, Elapsed_time: 1023.85311
Current_accuracy : 92.664, Current_norm_ED  : 0.97
Best_accuracy    : 93.494, Best_norm_ED     : 0.97
--------------------------------------------------------------------------------
Ground Truth              | Prediction                | Confidence Score & T/F
--------------------------------------------------------------------------------
카드                        | 카르                        | 0.5857	False
화재                        | 화재                        | 0.9998	True
대규모                       | 대규모                       | 0.9933	True
포장마차                      | 포장마차                      | 0.8612	True
존댓말                       | 존댓말                       | 0.1945	True
--------------------------------------------------------------------------------
[19500/300000] Train loss: 0.00892, Valid loss: 0.12922, Elapsed_time: 1106.43120
Current_accuracy : 93.753, Current_norm_ED  : 0.97
Best_accuracy    : 93.753, Best_norm_ED     : 0.97
--------------------------------------------------------------------------------
Ground Truth              | Prediction                | Confidence Score & T/F
--------------------------------------------------------------------------------
온종일                       | 온종일                       | 0.8792	True
사용되다                      | 사용되다                      | 0.9518	True
희망하다                      | 희망하다                      | 0.9997	True
진실하다                      | 진실하다                      | 0.9996	True
신                         | 신                         | 0.9998	True
--------------------------------------------------------------------------------
[21000/300000] Train loss: 0.00669, Valid loss: 0.13108, Elapsed_time: 1189.03049
Current_accuracy : 93.789, Current_norm_ED  : 0.97
Best_accuracy    : 93.789, Best_norm_ED     : 0.97
--------------------------------------------------------------------------------
Ground Truth              | Prediction                | Confidence Score & T/F
--------------------------------------------------------------------------------
설명하다                      | 설명하다                      | 0.9715	True
인제                        | 인제                        | 0.9994	True
와인                        | 와인                        | 0.9981	True
이것                        | 이것                        | 0.9575	True
쩔쩔매다                      | 쩔쩔매다                      | 0.9966	True
--------------------------------------------------------------------------------
[22500/300000] Train loss: 0.00506, Valid loss: 0.13333, Elapsed_time: 1271.38888
Current_accuracy : 93.874, Current_norm_ED  : 0.97
Best_accuracy    : 93.874, Best_norm_ED     : 0.97
--------------------------------------------------------------------------------
Ground Truth              | Prediction                | Confidence Score & T/F
--------------------------------------------------------------------------------
식기                        | 식기                        | 0.9999	True
문화                        | 문화                        | 0.9951	True
거짓                        | 거짓                        | 0.9989	True
탓                         | 탓                         | 0.9999	True
석사                        | 석사                        | 0.9999	True
--------------------------------------------------------------------------------
[24000/300000] Train loss: 0.00367, Valid loss: 0.13032, Elapsed_time: 1351.33508
Current_accuracy : 93.976, Current_norm_ED  : 0.97
Best_accuracy    : 93.976, Best_norm_ED     : 0.97
--------------------------------------------------------------------------------
Ground Truth              | Prediction                | Confidence Score & T/F
--------------------------------------------------------------------------------
자꾸                        | 자꾸                        | 0.9988	True
구별되다                      | 구별되다                      | 0.8867	True
철학자                       | 철학자                       | 0.9997	True
둘째                        | 둘째                        | 0.9917	True
난리                        | 난리                        | 0.9977	True
--------------------------------------------------------------------------------
[25500/300000] Train loss: 0.00303, Valid loss: 0.12448, Elapsed_time: 1431.09935
Current_accuracy : 94.296, Current_norm_ED  : 0.97
Best_accuracy    : 94.296, Best_norm_ED     : 0.97
--------------------------------------------------------------------------------
Ground Truth              | Prediction                | Confidence Score & T/F
--------------------------------------------------------------------------------
요구되다                      | 요구되다                      | 0.9755	True
시청률                       | 시청률                       | 0.9999	True
전화                        | 전화                        | 0.9969	True
정치인                       | 정치인                       | 0.9859	True
해안                        | 해안                        | 0.9996	True
--------------------------------------------------------------------------------
[27000/300000] Train loss: 0.00173, Valid loss: 0.12494, Elapsed_time: 1511.70136
Current_accuracy : 94.382, Current_norm_ED  : 0.97
Best_accuracy    : 94.382, Best_norm_ED     : 0.97
--------------------------------------------------------------------------------
Ground Truth              | Prediction                | Confidence Score & T/F
--------------------------------------------------------------------------------
넘기다                       | 넘기다                       | 0.5426	True
묻다                        | 몰다                        | 0.6338	False
띄다                        | 띄다                        | 0.9927	True
간접                        | 간접                        | 0.9912	True
낭비                        | 낭비                        | 0.9996	True
--------------------------------------------------------------------------------
[28500/300000] Train loss: 0.00164, Valid loss: 0.12668, Elapsed_time: 1591.69090
Current_accuracy : 94.499, Current_norm_ED  : 0.98
Best_accuracy    : 94.499, Best_norm_ED     : 0.98
--------------------------------------------------------------------------------
Ground Truth              | Prediction                | Confidence Score & T/F
--------------------------------------------------------------------------------
영남                        | 영남                        | 0.9997	True
바꾸다                       | 바꾸다                       | 0.9975	True
세기                        | 세기                        | 1.0000	True
위하다                       | 위하다                       | 0.9915	True
평범하다                      | 평범하다                      | 0.9819	True
--------------------------------------------------------------------------------
         
--------------------------------------------------------------------------------
[31500/300000] Train loss: 0.00187, Valid loss: 0.12988, Elapsed_time: 1756.45369
Current_accuracy : 94.444, Current_norm_ED  : 0.97
Best_accuracy    : 94.537, Best_norm_ED     : 0.98
--------------------------------------------------------------------------------
Ground Truth              | Prediction                | Confidence Score & T/F
--------------------------------------------------------------------------------
선원                        | 선원                        | 0.9949	True
인체                        | 인체                        | 0.9999	True
화려하다                      | 화려하다                      | 0.5722	True
일상적                       | 일상적                       | 0.9999	True
놈                         | 놈                         | 0.9915	True
--------------------------------------------------------------------------------
[33000/300000] Train loss: 0.00090, Valid loss: 0.13136, Elapsed_time: 1837.43403
Current_accuracy : 94.542, Current_norm_ED  : 0.98
Best_accuracy    : 94.542, Best_norm_ED     : 0.98
--------------------------------------------------------------------------------
Ground Truth              | Prediction                | Confidence Score & T/F
--------------------------------------------------------------------------------
벌리다                       | 벌리다                       | 0.5506	True
날다                        | 날다                        | 1.0000	True
왜냐하면                      | 왜냐하면                      | 0.9944	True
가르다                       | 가르다                       | 1.0000	True
이사하다                      | 이사하다                      | 0.5725	True
--------------------------------------------------------------------------------
[34500/300000] Train loss: 0.00057, Valid loss: 0.12652, Elapsed_time: 1920.50405
Current_accuracy : 94.757, Current_norm_ED  : 0.98
Best_accuracy    : 94.757, Best_norm_ED     : 0.98
--------------------------------------------------------------------------------
Ground Truth              | Prediction                | Confidence Score & T/F
--------------------------------------------------------------------------------
떠나오다                      | 떠나오다                      | 0.9916	True
취재                        | 취재                        | 1.0000	True
살피다                       | 살피다                       | 0.9823	True
마늘                        | 마늘                        | 0.9996	True
축구장                       | 축구장                       | 1.0000	True
--------------------------------------------------------------------------------
[36000/300000] Train loss: 0.00032, Valid loss: 0.12716, Elapsed_time: 2003.16938
Current_accuracy : 94.818, Current_norm_ED  : 0.98
Best_accuracy    : 94.818, Best_norm_ED     : 0.98
--------------------------------------------------------------------------------
Ground Truth              | Prediction                | Confidence Score & T/F
--------------------------------------------------------------------------------
생                         | 생                         | 1.0000	True
스타                        | 스타                        | 1.0000	True
마흔                        | 마흔                        | 0.9999	True
정비                        | 정비                        | 1.0000	True
뛰어다니다                     | 뛰어다니다                     | 0.7128	True
--------------------------------------------------------------------------------
[37500/300000] Train loss: 0.00025, Valid loss: 0.12695, Elapsed_time: 2086.07689
Current_accuracy : 94.822, Current_norm_ED  : 0.98
Best_accuracy    : 94.822, Best_norm_ED     : 0.98
--------------------------------------------------------------------------------
Ground Truth              | Prediction                | Confidence Score & T/F
--------------------------------------------------------------------------------
푸르다                       | 푸르다                       | 0.7273	True
그램                        | 그램                        | 0.7587	True
간호사                       | 간호사                       | 0.9995	True
코너                        | 코너                        | 0.9996	True
참으로                       | 참으로                       | 0.9995	True
--------------------------------------------------------------------------------
[39000/300000] Train loss: 0.00020, Valid loss: 0.12817, Elapsed_time: 2168.42761
Current_accuracy : 94.832, Current_norm_ED  : 0.98
Best_accuracy    : 94.832, Best_norm_ED     : 0.98
--------------------------------------------------------------------------------
Ground Truth              | Prediction                | Confidence Score & T/F
--------------------------------------------------------------------------------
세련되다                      | 세련되다                      | 0.5149	True
장                         | 장                         | 0.9999	True
비우다                       | 비우다                       | 1.0000	True
이런저런                      | 이런저런                      | 0.8552	True
띄우다                       | 띄우다                       | 0.9975	True
--------------------------------------------------------------------------------
[40500/300000] Train loss: 0.00021, Valid loss: 0.12862, Elapsed_time: 2249.91740
Current_accuracy : 94.785, Current_norm_ED  : 0.98
Best_accuracy    : 94.832, Best_norm_ED     : 0.98
--------------------------------------------------------------------------------
Ground Truth              | Prediction                | Confidence Score & T/F
--------------------------------------------------------------------------------
집안일                       | 집안일                       | 0.9992	True
상점                        | 상점                        | 0.7066	True
와이셔츠                      | 와이셔츠                      | 0.9234	True
특별히                       | 특별히                       | 0.9998	True
오래되다                      | 모래되다                      | 0.5384	False
--------------------------------------------------------------------------------
[42000/300000] Train loss: 0.00019, Valid loss: 0.12875, Elapsed_time: 2330.18925
Current_accuracy : 94.808, Current_norm_ED  : 0.98
Best_accuracy    : 94.832, Best_norm_ED     : 0.98
--------------------------------------------------------------------------------
Ground Truth              | Prediction                | Confidence Score & T/F
--------------------------------------------------------------------------------
훌륭하다                      | 훌륭하다                      | 0.7630	True
일치                        | 일치                        | 0.7941	True
신규                        | 신규                        | 0.9999	True
눈부시다                      | 눈부시다                      | 0.9999	True
전체적                       | 전체적                       | 0.9996	True
--------------------------------------------------------------------------------
[43500/300000] Train loss: 0.00014, Valid loss: 0.12899, Elapsed_time: 2410.32691
Current_accuracy : 94.835, Current_norm_ED  : 0.98
Best_accuracy    : 94.835, Best_norm_ED     : 0.98
--------------------------------------------------------------------------------
Ground Truth              | Prediction                | Confidence Score & T/F
--------------------------------------------------------------------------------
끄다                        | 끄다                        | 0.9957	True
길거리                       | 길거리                       | 0.9761	True
근무하다                      | 근부하다                      | 0.7362	False
거                         | 거                         | 1.0000	True
형성되다                      | 형성되다                      | 0.8673	True
--------------------------------------------------------------------------------
[45000/300000] Train loss: 0.00013, Valid loss: 0.13080, Elapsed_time: 2492.94782
Current_accuracy : 94.797, Current_norm_ED  : 0.98
Best_accuracy    : 94.835, Best_norm_ED     : 0.98
--------------------------------------------------------------------------------
Ground Truth              | Prediction                | Confidence Score & T/F
--------------------------------------------------------------------------------
마음속                       | 마름속                       | 0.5193	False
반짝이다                      | 반짝이다                      | 0.9992	True
겨울                        | 겨울                        | 0.9276	True
발자국                       | 발자국                       | 0.9933	True
영어                        | 영어                        | 1.0000	True
--------------------------------------------------------------------------------
[46500/300000] Train loss: 0.00012, Valid loss: 0.13055, Elapsed_time: 2572.91084
Current_accuracy : 94.858, Current_norm_ED  : 0.98
Best_accuracy    : 94.858, Best_norm_ED     : 0.98
--------------------------------------------------------------------------------
Ground Truth              | Prediction                | Confidence Score & T/F
--------------------------------------------------------------------------------
퇴직금                       | 퇴직금                       | 0.9999	True
동포                        | 동포                        | 0.4553	True
자신감                       | 자신감                       | 1.0000	True
전달                        | 전달                        | 1.0000	True
세다                        | 세다                        | 1.0000	True
--------------------------------------------------------------------------------
[48000/300000] Train loss: 0.00012, Valid loss: 0.13065, Elapsed_time: 2653.03567
Current_accuracy : 94.903, Current_norm_ED  : 0.98
Best_accuracy    : 94.903, Best_norm_ED     : 0.98
--------------------------------------------------------------------------------
Ground Truth              | Prediction                | Confidence Score & T/F
--------------------------------------------------------------------------------
주저앉다                      | 주저앉다                      | 0.9997	True
미끄러지다                     | 미끄러지다                     | 0.9398	True
평양                        | 평양                        | 1.0000	True
금연                        | 금연                        | 0.9999	True
소음                        | 소음                        | 1.0000	True
--------------------------------------------------------------------------------
[49500/300000] Train loss: 0.00011, Valid loss: 0.12948, Elapsed_time: 2733.74813
Current_accuracy : 94.885, Current_norm_ED  : 0.98
Best_accuracy    : 94.903, Best_norm_ED     : 0.98
--------------------------------------------------------------------------------
Ground Truth              | Prediction                | Confidence Score & T/F
--------------------------------------------------------------------------------
보조                        | 보조                        | 1.0000	True
감사하다                      | 감사하다                      | 0.9577	True
출발점                       | 출발점                       | 1.0000	True
유적                        | 유적                        | 1.0000	True
앉다                        | 앉다                        | 1.0000	True
--------------------------------------------------------------------------------
[51000/300000] Train loss: 0.00013, Valid loss: 0.13232, Elapsed_time: 2814.39462
Current_accuracy : 94.835, Current_norm_ED  : 0.98
Best_accuracy    : 94.903, Best_norm_ED     : 0.98
--------------------------------------------------------------------------------
Ground Truth              | Prediction                | Confidence Score & T/F
--------------------------------------------------------------------------------
뺨                         | 뺨                         | 0.9999	True
위하다                       | 위하다                       | 0.9983	True
수면                        | 수면                        | 1.0000	True
악몽                        | 악몽                        | 0.9989	True
확산되다                      | 확산되다                      | 1.0000	True
--------------------------------------------------------------------------------
[52500/300000] Train loss: 0.00010, Valid loss: 0.13138, Elapsed_time: 2894.47355
Current_accuracy : 94.868, Current_norm_ED  : 0.98
Best_accuracy    : 94.903, Best_norm_ED     : 0.98
--------------------------------------------------------------------------------
Ground Truth              | Prediction                | Confidence Score & T/F
--------------------------------------------------------------------------------
연출                        | 연출                        | 1.0000	True
알리다                       | 알리다                       | 0.9576	True
생활비                       | 생활이                       | 0.9780	False
적합하다                      | 적합하다                      | 0.9759	True
사건                        | 사건                        | 1.0000	True
--------------------------------------------------------------------------------
[54000/300000] Train loss: 0.00009, Valid loss: 0.13169, Elapsed_time: 2975.40089
Current_accuracy : 94.851, Current_norm_ED  : 0.98
Best_accuracy    : 94.903, Best_norm_ED     : 0.98
--------------------------------------------------------------------------------
Ground Truth              | Prediction                | Confidence Score & T/F
--------------------------------------------------------------------------------
공중전화                      | 공중전화                      | 0.9995	True
인하                        | 인하                        | 0.9996	True
공동                        | 공동                        | 0.9999	True
출발                        | 출발                        | 1.0000	True
번개                        | 번개                        | 0.9990	True
--------------------------------------------------------------------------------
[55500/300000] Train loss: 0.00009, Valid loss: 0.13242, Elapsed_time: 3055.45139
Current_accuracy : 94.871, Current_norm_ED  : 0.98
Best_accuracy    : 94.903, Best_norm_ED     : 0.98
--------------------------------------------------------------------------------
Ground Truth              | Prediction                | Confidence Score & T/F
--------------------------------------------------------------------------------
파일                        | 바일                        | 0.9601	False
백인                        | 백인                        | 1.0000	True
골목                        | 골목                        | 0.9997	True
바가지                       | 바가지                       | 1.0000	True
제작하다                      | 제작하다                      | 0.7076	True
--------------------------------------------------------------------------------
[57000/300000] Train loss: 0.00008, Valid loss: 0.13187, Elapsed_time: 3135.74145
Current_accuracy : 94.897, Current_norm_ED  : 0.98
Best_accuracy    : 94.903, Best_norm_ED     : 0.98
--------------------------------------------------------------------------------
Ground Truth              | Prediction                | Confidence Score & T/F
--------------------------------------------------------------------------------
몸무게                       | 몸무게                       | 0.9993	True
다섯째                       | 다섯째                       | 0.5729	True
빌다                        | 빌다                        | 0.9986	True
일하다                       | 일하다                       | 0.9865	True
와                         | 와                         | 1.0000	True
--------------------------------------------------------------------------------
[58500/300000] Train loss: 0.00008, Valid loss: 0.13154, Elapsed_time: 3216.51130
Current_accuracy : 94.908, Current_norm_ED  : 0.98
Best_accuracy    : 94.908, Best_norm_ED     : 0.98
--------------------------------------------------------------------------------
Ground Truth              | Prediction                | Confidence Score & T/F
--------------------------------------------------------------------------------
정치인                       | 정치인                       | 1.0000	True
그놈                        | 그놈                        | 0.9467	True
주로                        | 주로                        | 1.0000	True
멀다                        | 멀다                        | 0.6881	True
아니다                       | 아니다                       | 0.5044	True
--------------------------------------------------------------------------------
[60000/300000] Train loss: 0.00009, Valid loss: 0.13270, Elapsed_time: 3296.87907
Current_accuracy : 94.857, Current_norm_ED  : 0.98
Best_accuracy    : 94.908, Best_norm_ED     : 0.98
--------------------------------------------------------------------------------
Ground Truth              | Prediction                | Confidence Score & T/F
--------------------------------------------------------------------------------
여우                        | 여우                        | 0.5068	True
설득하다                      | 설득하다                      | 0.9982	True
죽다                        | 죽다                        | 0.9970	True
핵                         | 핵                         | 1.0000	True
상징하다                      | 상징하다                      | 0.9991	True
--------------------------------------------------------------------------------
[61500/300000] Train loss: 0.00008, Valid loss: 0.13312, Elapsed_time: 3377.10319
Current_accuracy : 94.896, Current_norm_ED  : 0.98
Best_accuracy    : 94.908, Best_norm_ED     : 0.98
--------------------------------------------------------------------------------
Ground Truth              | Prediction                | Confidence Score & T/F
--------------------------------------------------------------------------------
관찰하다                      | 관찰하다                      | 0.6810	True
농구                        | 농구                        | 0.9999	True
행해지다                      | 행해지다                      | 0.6868	True
낯설다                       | 낯설다                       | 1.0000	True
출판                        | 칠판                        | 0.5790	False
--------------------------------------------------------------------------------
[63000/300000] Train loss: 0.00009, Valid loss: 0.13385, Elapsed_time: 3459.87648
Current_accuracy : 94.912, Current_norm_ED  : 0.98
Best_accuracy    : 94.912, Best_norm_ED     : 0.98
--------------------------------------------------------------------------------
Ground Truth              | Prediction                | Confidence Score & T/F
--------------------------------------------------------------------------------
오랜                        | 오랜                        | 0.9998	True
아무                        | 아무                        | 0.9554	True
배드민턴                      | 배드민턴                      | 0.6586	True
소녀                        | 소녀                        | 1.0000	True
문화                        | 문화                        | 0.9934	True
--------------------------------------------------------------------------------
[64500/300000] Train loss: 0.00007, Valid loss: 0.13322, Elapsed_time: 3539.98470
Current_accuracy : 94.924, Current_norm_ED  : 0.98
Best_accuracy    : 94.924, Best_norm_ED     : 0.98
--------------------------------------------------------------------------------
Ground Truth              | Prediction                | Confidence Score & T/F
--------------------------------------------------------------------------------
여든                        | 여든                        | 0.9071	True
잠들다                       | 잠들다                       | 0.9601	True
공항                        | 승항                        | 0.6079	False
온돌                        | 온돌                        | 1.0000	True
칠판                        | 칠판                        | 0.9979	True
--------------------------------------------------------------------------------
[66000/300000] Train loss: 0.00007, Valid loss: 0.13382, Elapsed_time: 3623.10518
Current_accuracy : 94.947, Current_norm_ED  : 0.98
Best_accuracy    : 94.947, Best_norm_ED     : 0.98
--------------------------------------------------------------------------------
Ground Truth              | Prediction                | Confidence Score & T/F
--------------------------------------------------------------------------------
밤색                        | 밤색                        | 1.0000	True
글쎄요                       | 글쎄요                       | 0.9912	True
소지품                       | 소지품                       | 1.0000	True
번거롭다                      | 번거롭다                      | 0.6118	True
개별                        | 개별                        | 0.5844	True
--------------------------------------------------------------------------------
[67500/300000] Train loss: 0.00006, Valid loss: 0.13408, Elapsed_time: 3706.31316
Current_accuracy : 94.890, Current_norm_ED  : 0.98
Best_accuracy    : 94.947, Best_norm_ED     : 0.98
--------------------------------------------------------------------------------
Ground Truth              | Prediction                | Confidence Score & T/F
--------------------------------------------------------------------------------
결론                        | 결론                        | 0.9992	True
한정되다                      | 한정되다                      | 0.9998	True
영화배우                      | 영화배우                      | 1.0000	True
수학                        | 수학                        | 1.0000	True
비행기                       | 비행기                       | 0.9999	True
--------------------------------------------------------------------------------
[69000/300000] Train loss: 0.00006, Valid loss: 0.13349, Elapsed_time: 3789.33711
Current_accuracy : 94.936, Current_norm_ED  : 0.98
Best_accuracy    : 94.947, Best_norm_ED     : 0.98
--------------------------------------------------------------------------------
Ground Truth              | Prediction                | Confidence Score & T/F
--------------------------------------------------------------------------------
해석하다                      | 해석하다                      | 0.9949	True
두                         | 후                         | 0.9318	False
생각                        | 생각                        | 1.0000	True
참석                        | 참석                        | 1.0000	True
방법                        | 방법                        | 0.9995	True
--------------------------------------------------------------------------------
[70500/300000] Train loss: 0.00006, Valid loss: 0.13402, Elapsed_time: 3870.03263
Current_accuracy : 94.950, Current_norm_ED  : 0.98
Best_accuracy    : 94.950, Best_norm_ED     : 0.98
--------------------------------------------------------------------------------
Ground Truth              | Prediction                | Confidence Score & T/F
--------------------------------------------------------------------------------
본격적                       | 본격적                       | 0.9345	True
어찌나                       | 어찌나                       | 0.9200	True
돌                         | 돌                         | 0.8830	True
안팎                        | 안팎                        | 1.0000	True
스트레스                      | 스트레스                      | 0.9978	True
--------------------------------------------------------------------------------
[72000/300000] Train loss: 0.00006, Valid loss: 0.13369, Elapsed_time: 3951.25096
Current_accuracy : 94.982, Current_norm_ED  : 0.98
Best_accuracy    : 94.982, Best_norm_ED     : 0.98
--------------------------------------------------------------------------------
Ground Truth              | Prediction                | Confidence Score & T/F
--------------------------------------------------------------------------------
해소                        | 해소                        | 1.0000	True
과장                        | 과장                        | 0.9995	True
헤어지다                      | 헤어지다                      | 0.9639	True
떠오르다                      | 떠오르다                      | 0.9652	True
뜰                         | 뜰                         | 0.9983	True
--------------------------------------------------------------------------------
[73500/300000] Train loss: 0.00006, Valid loss: 0.13499, Elapsed_time: 4032.65100
Current_accuracy : 94.915, Current_norm_ED  : 0.98
Best_accuracy    : 94.982, Best_norm_ED     : 0.98
--------------------------------------------------------------------------------
Ground Truth              | Prediction                | Confidence Score & T/F
--------------------------------------------------------------------------------
우수하다                      | 우수하다                      | 1.0000	True
뭐                         | 뭐                         | 0.8025	True
가리키다                      | 가리키다                      | 0.9998	True
예술가                       | 예술가                       | 0.9986	True
전국                        | 전국                        | 0.9999	True
--------------------------------------------------------------------------------
[75000/300000] Train loss: 0.00005, Valid loss: 0.13444, Elapsed_time: 4113.60373
Current_accuracy : 94.951, Current_norm_ED  : 0.98
Best_accuracy    : 94.982, Best_norm_ED     : 0.98
--------------------------------------------------------------------------------
Ground Truth              | Prediction                | Confidence Score & T/F
--------------------------------------------------------------------------------
선생                        | 선생                        | 0.9853	True
운                         | 운                         | 0.9997	True
경기도                       | 경기도                       | 0.9854	True
단독                        | 단독                        | 1.0000	True
코트                        | 코트                        | 0.9993	True
--------------------------------------------------------------------------------
[76500/300000] Train loss: 0.00006, Valid loss: 0.13533, Elapsed_time: 4196.89707
Current_accuracy : 94.928, Current_norm_ED  : 0.98
Best_accuracy    : 94.982, Best_norm_ED     : 0.98
--------------------------------------------------------------------------------
Ground Truth              | Prediction                | Confidence Score & T/F
--------------------------------------------------------------------------------
식                         | 식                         | 0.9999	True
멋있다                       | 멋있다                       | 0.9957	True
상당                        | 상당                        | 1.0000	True
듣다                        | 듣다                        | 0.9998	True
심해지다                      | 심해지다                      | 0.4289	True
--------------------------------------------------------------------------------
[78000/300000] Train loss: 0.00005, Valid loss: 0.13492, Elapsed_time: 4279.17049
Current_accuracy : 94.953, Current_norm_ED  : 0.98
Best_accuracy    : 94.982, Best_norm_ED     : 0.98
--------------------------------------------------------------------------------
Ground Truth              | Prediction                | Confidence Score & T/F
--------------------------------------------------------------------------------
동양                        | 동양                        | 0.9956	True
디스크                       | 디스크                       | 0.9839	True
이데올로기                     | 이데올로기                     | 0.9949	True
막상                        | 막상                        | 1.0000	True
워낙                        | 워낙                        | 0.9989	True
--------------------------------------------------------------------------------
[79500/300000] Train loss: 0.00005, Valid loss: 0.13493, Elapsed_time: 4359.89790
Current_accuracy : 94.935, Current_norm_ED  : 0.98
Best_accuracy    : 94.982, Best_norm_ED     : 0.98
--------------------------------------------------------------------------------
Ground Truth              | Prediction                | Confidence Score & T/F
--------------------------------------------------------------------------------
하순                        | 하순                        | 0.9999	True
이용자                       | 이용자                       | 0.7432	True
내내                        | 내내                        | 0.9999	True
참고하다                      | 참고하다                      | 0.9999	True
지극히                       | 지극히                       | 1.0000	True
--------------------------------------------------------------------------------
[81000/300000] Train loss: 0.00005, Valid loss: 0.13544, Elapsed_time: 4442.81776
Current_accuracy : 94.924, Current_norm_ED  : 0.98
Best_accuracy    : 94.982, Best_norm_ED     : 0.98
--------------------------------------------------------------------------------
Ground Truth              | Prediction                | Confidence Score & T/F
--------------------------------------------------------------------------------
다양해지다                     | 다양해지다                     | 0.7747	True
소나무                       | 소나무                       | 0.8663	True
가톨릭                       | 가톨릭                       | 1.0000	True
빼놓다                       | 빼놓다                       | 0.8590	True
존재                        | 존재                        | 1.0000	True
--------------------------------------------------------------------------------
[82500/300000] Train loss: 0.00005, Valid loss: 0.13532, Elapsed_time: 4524.85281
Current_accuracy : 94.987, Current_norm_ED  : 0.98
Best_accuracy    : 94.987, Best_norm_ED     : 0.98
--------------------------------------------------------------------------------
Ground Truth              | Prediction                | Confidence Score & T/F
--------------------------------------------------------------------------------
가상                        | 가상                        | 1.0000	True
의도                        | 의도                        | 1.0000	True
준비물                       | 준비물                       | 0.9530	True
한식                        | 한식                        | 1.0000	True
바퀴                        | 바퀴                        | 0.9992	True
--------------------------------------------------------------------------------
[84000/300000] Train loss: 0.00004, Valid loss: 0.13566, Elapsed_time: 4605.15617
Current_accuracy : 94.975, Current_norm_ED  : 0.98
Best_accuracy    : 94.987, Best_norm_ED     : 0.98
--------------------------------------------------------------------------------
Ground Truth              | Prediction                | Confidence Score & T/F
--------------------------------------------------------------------------------
단풍                        | 단풍                        | 1.0000	True
삼다                        | 삼다                        | 0.9507	True
권하다                       | 권하다                       | 0.9279	True
옛날                        | 옛날                        | 0.9987	True
고기                        | 고기                        | 1.0000	True
--------------------------------------------------------------------------------
[85500/300000] Train loss: 0.00004, Valid loss: 0.13566, Elapsed_time: 4684.82578
Current_accuracy : 94.986, Current_norm_ED  : 0.98
Best_accuracy    : 94.987, Best_norm_ED     : 0.98
--------------------------------------------------------------------------------
Ground Truth              | Prediction                | Confidence Score & T/F
--------------------------------------------------------------------------------
확실히                       | 확실히                       | 0.9985	True
가르다                       | 가르다                       | 0.9995	True
불                         | 불                         | 1.0000	True
당연히                       | 당연히                       | 1.0000	True
성별                        | 성별                        | 1.0000	True
--------------------------------------------------------------------------------
[87000/300000] Train loss: 0.00004, Valid loss: 0.13597, Elapsed_time: 4765.00448
Current_accuracy : 94.979, Current_norm_ED  : 0.98
Best_accuracy    : 94.987, Best_norm_ED     : 0.98
--------------------------------------------------------------------------------
Ground Truth              | Prediction                | Confidence Score & T/F
--------------------------------------------------------------------------------
갖추다                       | 갖추다                       | 0.9997	True
소용                        | 소용                        | 1.0000	True
주문                        | 주문                        | 1.0000	True
체조                        | 체조                        | 0.9804	True
펴다                        | 펴다                        | 0.8899	True
--------------------------------------------------------------------------------
[88500/300000] Train loss: 0.00004, Valid loss: 0.13604, Elapsed_time: 4844.82827
Current_accuracy : 94.990, Current_norm_ED  : 0.98
Best_accuracy    : 94.990, Best_norm_ED     : 0.98
--------------------------------------------------------------------------------
Ground Truth              | Prediction                | Confidence Score & T/F
--------------------------------------------------------------------------------
말씀                        | 말씀                        | 0.9998	True
빼앗다                       | 빼앗다                       | 0.9997	True
삼키다                       | 삼키기다                      | 0.8044	False
야                         | 야                         | 1.0000	True
넷째                        | 넷째                        | 1.0000	True
--------------------------------------------------------------------------------
[90000/300000] Train loss: 0.00004, Valid loss: 0.13611, Elapsed_time: 4924.94590
Current_accuracy : 94.967, Current_norm_ED  : 0.98
Best_accuracy    : 94.990, Best_norm_ED     : 0.98
--------------------------------------------------------------------------------
Ground Truth              | Prediction                | Confidence Score & T/F
--------------------------------------------------------------------------------
보리                        | 보리                        | 1.0000	True
조심하다                      | 조심하다                      | 0.9631	True
영상                        | 영상                        | 0.9982	True
만남                        | 만남                        | 1.0000	True
연구소                       | 연구소                       | 1.0000	True
--------------------------------------------------------------------------------
[91500/300000] Train loss: 0.00004, Valid loss: 0.13617, Elapsed_time: 5004.62550
Current_accuracy : 94.954, Current_norm_ED  : 0.98
Best_accuracy    : 94.990, Best_norm_ED     : 0.98
--------------------------------------------------------------------------------
Ground Truth              | Prediction                | Confidence Score & T/F
--------------------------------------------------------------------------------
소스                        | 소스                        | 0.9951	True
발휘하다                      | 발휘하다                      | 1.0000	True
챙기다                       | 챙기다                       | 0.9938	True
오가다                       | 오가다                       | 0.9940	True
단단하다                      | 단단하다                      | 0.9660	True
--------------------------------------------------------------------------------
[93000/300000] Train loss: 0.00004, Valid loss: 0.13790, Elapsed_time: 5084.40210
Current_accuracy : 94.925, Current_norm_ED  : 0.98
Best_accuracy    : 94.990, Best_norm_ED     : 0.98
--------------------------------------------------------------------------------
Ground Truth              | Prediction                | Confidence Score & T/F
--------------------------------------------------------------------------------
심리적                       | 심리적                       | 0.9999	True
판단하다                      | 판단하다                      | 0.7552	True
여전하다                      | 여전하다                      | 0.9980	True
채널                        | 채널                        | 1.0000	True
거실                        | 거실                        | 1.0000	True
--------------------------------------------------------------------------------
[94500/300000] Train loss: 0.00009, Valid loss: 0.13753, Elapsed_time: 5164.62738
Current_accuracy : 94.929, Current_norm_ED  : 0.98
Best_accuracy    : 94.990, Best_norm_ED     : 0.98
--------------------------------------------------------------------------------
Ground Truth              | Prediction                | Confidence Score & T/F
--------------------------------------------------------------------------------
이전                        | 이전                        | 0.9996	True
뚜껑                        | 뚜껑                        | 0.4349	True
입력                        | 입력                        | 0.9998	True
향하다                       | 향하다                       | 1.0000	True
지워지다                      | 지워지다                      | 0.9999	True
--------------------------------------------------------------------------------
[96000/300000] Train loss: 0.00004, Valid loss: 0.13744, Elapsed_time: 5247.66085
Current_accuracy : 94.939, Current_norm_ED  : 0.98
Best_accuracy    : 94.990, Best_norm_ED     : 0.98
--------------------------------------------------------------------------------
Ground Truth              | Prediction                | Confidence Score & T/F
--------------------------------------------------------------------------------
예고하다                      | 예고하다                      | 0.7950	True
본질                        | 본질                        | 1.0000	True
등록                        | 등록                        | 1.0000	True
해안                        | 해안                        | 0.9981	True
상당수                       | 상당수                       | 0.9454	True
--------------------------------------------------------------------------------
[97500/300000] Train loss: 0.00004, Valid loss: 0.13721, Elapsed_time: 5328.01442
Current_accuracy : 94.926, Current_norm_ED  : 0.98
Best_accuracy    : 94.990, Best_norm_ED     : 0.98
--------------------------------------------------------------------------------
Ground Truth              | Prediction                | Confidence Score & T/F
--------------------------------------------------------------------------------
전구                        | 전구                        | 1.0000	True
별다르다                      | 별다르다                      | 0.6104	True
운전                        | 운전                        | 0.9503	True
곡식                        | 곡식                        | 0.9999	True
끊임없다                      | 끊임없다                      | 0.4260	True
--------------------------------------------------------------------------------
[99000/300000] Train loss: 0.00004, Valid loss: 0.13771, Elapsed_time: 5409.05759
Current_accuracy : 94.949, Current_norm_ED  : 0.98
Best_accuracy    : 94.990, Best_norm_ED     : 0.98
--------------------------------------------------------------------------------
Ground Truth              | Prediction                | Confidence Score & T/F
--------------------------------------------------------------------------------
에어컨                       | 에어컨                       | 0.9838	True
날리다                       | 날리다                       | 0.6919	True
싸다                        | 싸다                        | 1.0000	True
답하다                       | 답하다                       | 0.9970	True
손실                        | 손실                        | 0.9987	True
--------------------------------------------------------------------------------
[100500/300000] Train loss: 0.00005, Valid loss: 0.13858, Elapsed_time: 5489.25251
Current_accuracy : 94.886, Current_norm_ED  : 0.98
Best_accuracy    : 94.990, Best_norm_ED     : 0.98
--------------------------------------------------------------------------------
Ground Truth              | Prediction                | Confidence Score & T/F
--------------------------------------------------------------------------------
따다                        | 따다                        | 1.0000	True
낯설다                       | 낯설다                       | 0.9802	True
발바닥                       | 발바닥                       | 0.9998	True
김치                        | 김치                        | 0.9975	True
국회                        | 국회                        | 0.9999	True
--------------------------------------------------------------------------------
[102000/300000] Train loss: 0.00004, Valid loss: 0.13895, Elapsed_time: 5570.68923
Current_accuracy : 94.938, Current_norm_ED  : 0.98
Best_accuracy    : 94.990, Best_norm_ED     : 0.98
--------------------------------------------------------------------------------
Ground Truth              | Prediction                | Confidence Score & T/F
--------------------------------------------------------------------------------
위기                        | 위기                        | 0.5445	True
근데                        | 근데                        | 0.9994	True
침                         | 침                         | 1.0000	True
좁히다                       | 좁히다                       | 0.9265	True
섹시하다                      | 섹시하다                      | 0.6502	True
--------------------------------------------------------------------------------
[103500/300000] Train loss: 0.00004, Valid loss: 0.13835, Elapsed_time: 5651.51815
Current_accuracy : 94.925, Current_norm_ED  : 0.98
Best_accuracy    : 94.990, Best_norm_ED     : 0.98
--------------------------------------------------------------------------------
Ground Truth              | Prediction                | Confidence Score & T/F
--------------------------------------------------------------------------------
버티다                       | 버티다                       | 0.8823	True
조용하다                      | 조용되다                      | 0.8830	False
남대문시장                     | 남대문시장                     | 1.0000	True
사과                        | 사과                        | 0.9353	True
종이                        | 종이                        | 1.0000	True
--------------------------------------------------------------------------------
[105000/300000] Train loss: 0.00004, Valid loss: 0.13842, Elapsed_time: 5732.56115
Current_accuracy : 94.932, Current_norm_ED  : 0.98
Best_accuracy    : 94.990, Best_norm_ED     : 0.98
--------------------------------------------------------------------------------
Ground Truth              | Prediction                | Confidence Score & T/F
--------------------------------------------------------------------------------
분위기                       | 분위기                       | 0.6319	True
푸르다                       | 푸르다                       | 0.7428	True
섞다                        | 섞다                        | 0.9913	True
속                         | 속                         | 0.9433	True
수리하다                      | 수리하다                      | 0.5960	True
--------------------------------------------------------------------------------
[106500/300000] Train loss: 0.00003, Valid loss: 0.13819, Elapsed_time: 5815.33077
Current_accuracy : 94.940, Current_norm_ED  : 0.98
Best_accuracy    : 94.990, Best_norm_ED     : 0.98
--------------------------------------------------------------------------------
Ground Truth              | Prediction                | Confidence Score & T/F
--------------------------------------------------------------------------------
포장                        | 포장                        | 1.0000	True
몰다                        | 몰다                        | 0.9996	True
밥솥                        | 밥솥                        | 0.9626	True
화학                        | 화학                        | 1.0000	True
무조건                       | 무조건                       | 1.0000	True
--------------------------------------------------------------------------------
[108000/300000] Train loss: 0.00003, Valid loss: 0.13829, Elapsed_time: 5895.99383
Current_accuracy : 94.926, Current_norm_ED  : 0.98
Best_accuracy    : 94.990, Best_norm_ED     : 0.98
--------------------------------------------------------------------------------
Ground Truth              | Prediction                | Confidence Score & T/F
--------------------------------------------------------------------------------
긴장                        | 긴장                        | 0.9999	True
어찌나                       | 어찌나                       | 0.9630	True
천국                        | 천국                        | 0.9999	True
시점                        | 시점                        | 0.5635	True
교류                        | 교류                        | 1.0000	True
--------------------------------------------------------------------------------
[109500/300000] Train loss: 0.00003, Valid loss: 0.13907, Elapsed_time: 5976.20367
Current_accuracy : 94.963, Current_norm_ED  : 0.98
Best_accuracy    : 94.990, Best_norm_ED     : 0.98
--------------------------------------------------------------------------------
Ground Truth              | Prediction                | Confidence Score & T/F
--------------------------------------------------------------------------------
구석                        | 구석                        | 1.0000	True
듣다                        | 듣다                        | 0.9997	True
건너                        | 건너                        | 0.9954	True
장소                        | 장소                        | 0.9990	True
제시하다                      | 제시하다                      | 0.7127	True
--------------------------------------------------------------------------------
[111000/300000] Train loss: 0.00003, Valid loss: 0.13845, Elapsed_time: 6056.87003
Current_accuracy : 94.936, Current_norm_ED  : 0.98
Best_accuracy    : 94.990, Best_norm_ED     : 0.98
--------------------------------------------------------------------------------
Ground Truth              | Prediction                | Confidence Score & T/F
--------------------------------------------------------------------------------
블라우스                      | 블라우스                      | 0.9943	True
지내다                       | 지내다                       | 1.0000	True
저지르다                      | 저지르다                      | 0.9918	True
불교                        | 불교                        | 0.5151	True
개방                        | 개방                        | 0.9970	True
--------------------------------------------------------------------------------
[112500/300000] Train loss: 0.00003, Valid loss: 0.13904, Elapsed_time: 6137.15854
Current_accuracy : 94.953, Current_norm_ED  : 0.98
Best_accuracy    : 94.990, Best_norm_ED     : 0.98
--------------------------------------------------------------------------------
Ground Truth              | Prediction                | Confidence Score & T/F
--------------------------------------------------------------------------------
교육자                       | 교육자                       | 1.0000	True
이용                        | 이용                        | 0.9984	True
가위                        | 가위                        | 1.0000	True
가늘다                       | 가늘다                       | 1.0000	True
그러하다                      | 그러하다                      | 0.9552	True
--------------------------------------------------------------------------------
[114000/300000] Train loss: 0.00003, Valid loss: 0.13911, Elapsed_time: 6219.68320
Current_accuracy : 94.971, Current_norm_ED  : 0.98
Best_accuracy    : 94.990, Best_norm_ED     : 0.98
--------------------------------------------------------------------------------
Ground Truth              | Prediction                | Confidence Score & T/F
--------------------------------------------------------------------------------
합격하다                      | 합격하다                      | 0.7749	True
본질                        | 본질                        | 1.0000	True
발음                        | 발음                        | 1.0000	True
정식                        | 정식                        | 1.0000	True
비서                        | 비서                        | 1.0000	True
--------------------------------------------------------------------------------
[115500/300000] Train loss: 0.00003, Valid loss: 0.13913, Elapsed_time: 6300.29553
Current_accuracy : 94.951, Current_norm_ED  : 0.98
Best_accuracy    : 94.990, Best_norm_ED     : 0.98
--------------------------------------------------------------------------------
Ground Truth              | Prediction                | Confidence Score & T/F
--------------------------------------------------------------------------------
칸                         | 칸                         | 0.9995	True
승객                        | 승직                        | 0.6134	False
바                         | 바                         | 0.9999	True
썰다                        | 썰다                        | 0.9998	True
볼                         | 본                         | 0.8989	False
--------------------------------------------------------------------------------
[117000/300000] Train loss: 0.00003, Valid loss: 0.13895, Elapsed_time: 6381.10888
Current_accuracy : 94.940, Current_norm_ED  : 0.98
Best_accuracy    : 94.990, Best_norm_ED     : 0.98
--------------------------------------------------------------------------------
Ground Truth              | Prediction                | Confidence Score & T/F
--------------------------------------------------------------------------------
빗방울                       | 빗방울                       | 1.0000	True
커지다                       | 커지다                       | 0.9776	True
거칠다                       | 거다                        | 0.9943	False
단순하다                      | 단순하다                      | 0.3303	True
진짜                        | 진짜                        | 0.5981	True
--------------------------------------------------------------------------------
[118500/300000] Train loss: 0.00003, Valid loss: 0.13920, Elapsed_time: 6463.12186
Current_accuracy : 94.965, Current_norm_ED  : 0.98
Best_accuracy    : 94.990, Best_norm_ED     : 0.98
--------------------------------------------------------------------------------
Ground Truth              | Prediction                | Confidence Score & T/F
--------------------------------------------------------------------------------
역사                        | 역사                        | 0.9999	True
만들다                       | 만들다                       | 0.9993	True
기자                        | 기자                        | 0.7894	True
당기다                       | 담기다                       | 0.9918	False
신문                        | 신문                        | 1.0000	True
--------------------------------------------------------------------------------
[120000/300000] Train loss: 0.00003, Valid loss: 0.13878, Elapsed_time: 6545.02186
Current_accuracy : 94.979, Current_norm_ED  : 0.98
Best_accuracy    : 94.990, Best_norm_ED     : 0.98
--------------------------------------------------------------------------------
Ground Truth              | Prediction                | Confidence Score & T/F
--------------------------------------------------------------------------------
떡                         | 떡                         | 0.9829	True
사이                        | 사이                        | 1.0000	True
재주                        | 재주                        | 1.0000	True
공업                        | 공업                        | 1.0000	True
관계없이                      | 관계없이                      | 0.9998	True
--------------------------------------------------------------------------------
[121500/300000] Train loss: 0.00003, Valid loss: 0.13948, Elapsed_time: 6628.07671
Current_accuracy : 94.961, Current_norm_ED  : 0.98
Best_accuracy    : 94.990, Best_norm_ED     : 0.98
--------------------------------------------------------------------------------
Ground Truth              | Prediction                | Confidence Score & T/F
--------------------------------------------------------------------------------
중간                        | 중간                        | 1.0000	True
두려워하다                     | 두려워하다                     | 0.9939	True
축소                        | 축소                        | 0.9987	True
태우다                       | 태우다                       | 1.0000	True
수돗물                       | 수돗물                       | 0.9999	True
--------------------------------------------------------------------------------
[123000/300000] Train loss: 0.00003, Valid loss: 0.13978, Elapsed_time: 6710.85749
Current_accuracy : 94.950, Current_norm_ED  : 0.98
Best_accuracy    : 94.990, Best_norm_ED     : 0.98
--------------------------------------------------------------------------------
Ground Truth              | Prediction                | Confidence Score & T/F
--------------------------------------------------------------------------------
자장면                       | 자장면                       | 1.0000	True
소개하다                      | 소개하다                      | 0.5277	True
심하다                       | 심하다                       | 0.6609	True
죄송하다                      | 죄송하다                      | 0.6018	True
운영하다                      | 운영하다                      | 0.9999	True
--------------------------------------------------------------------------------
[124500/300000] Train loss: 0.00003, Valid loss: 0.13966, Elapsed_time: 6791.22485
Current_accuracy : 94.983, Current_norm_ED  : 0.98
Best_accuracy    : 94.990, Best_norm_ED     : 0.98
--------------------------------------------------------------------------------
Ground Truth              | Prediction                | Confidence Score & T/F
--------------------------------------------------------------------------------
보장되다                      | 보장되다                      | 0.3158	True
바로잡다                      | 바로잡다                      | 0.9976	True
다치다                       | 다치다                       | 0.9648	True
두려워하다                     | 두려워하다                     | 0.9947	True
달려오다                      | 달려오다                      | 1.0000	True
--------------------------------------------------------------------------------
[126000/300000] Train loss: 0.00003, Valid loss: 0.13955, Elapsed_time: 6873.94793
Current_accuracy : 94.985, Current_norm_ED  : 0.98
Best_accuracy    : 94.990, Best_norm_ED     : 0.98
--------------------------------------------------------------------------------
Ground Truth              | Prediction                | Confidence Score & T/F
--------------------------------------------------------------------------------
부엌                        | 부엌                        | 0.9999	True
풀리다                       | 풀리다                       | 0.9907	True
출판                        | 출반                        | 0.4800	False
전반                        | 전반                        | 1.0000	True
평화롭다                      | 평환롭다                      | 0.7990	False
--------------------------------------------------------------------------------
[127500/300000] Train loss: 0.00003, Valid loss: 0.13971, Elapsed_time: 6953.95496
Current_accuracy : 94.975, Current_norm_ED  : 0.98
Best_accuracy    : 94.990, Best_norm_ED     : 0.98
--------------------------------------------------------------------------------
Ground Truth              | Prediction                | Confidence Score & T/F
--------------------------------------------------------------------------------
오전                        | 오전                        | 1.0000	True
수만                        | 수만                        | 1.0000	True
뭘                         | 뭘                         | 1.0000	True
서랍                        | 서랍                        | 1.0000	True
도착하다                      | 도착하다                      | 1.0000	True
--------------------------------------------------------------------------------
[129000/300000] Train loss: 0.00003, Valid loss: 0.14012, Elapsed_time: 7033.74089
Current_accuracy : 94.974, Current_norm_ED  : 0.98
Best_accuracy    : 94.990, Best_norm_ED     : 0.98
--------------------------------------------------------------------------------
Ground Truth              | Prediction                | Confidence Score & T/F
--------------------------------------------------------------------------------
전해지다                      | 전해지다                      | 0.9309	True
이용                        | 이용                        | 0.5403	True
밤중                        | 밤중                        | 0.9996	True
집중적                       | 집중적                       | 0.9627	True
철저하다                      | 철저하다                      | 1.0000	True
--------------------------------------------------------------------------------
[130500/300000] Train loss: 0.00003, Valid loss: 0.14003, Elapsed_time: 7113.48006
Current_accuracy : 94.964, Current_norm_ED  : 0.98
Best_accuracy    : 94.990, Best_norm_ED     : 0.98
--------------------------------------------------------------------------------
Ground Truth              | Prediction                | Confidence Score & T/F
--------------------------------------------------------------------------------
지적되다                      | 지적되다                      | 0.8661	True
사랑스럽다                     | 사랑스럽다                     | 0.9947	True
낮아지다                      | 낮아지다                      | 0.9988	True
건너가다                      | 건너가다                      | 1.0000	True
강화하다                      | 강화하다                      | 0.9880	True
--------------------------------------------------------------------------------
[132000/300000] Train loss: 0.00003, Valid loss: 0.14018, Elapsed_time: 7193.25810
Current_accuracy : 94.967, Current_norm_ED  : 0.98
Best_accuracy    : 94.990, Best_norm_ED     : 0.98
--------------------------------------------------------------------------------
Ground Truth              | Prediction                | Confidence Score & T/F
--------------------------------------------------------------------------------
자취                        | 자취                        | 1.0000	True
내후년                       | 내후년                       | 1.0000	True
일시적                       | 일시적                       | 1.0000	True
눈감다                       | 눈감다                       | 0.9991	True
전체적                       | 전체적                       | 1.0000	True
--------------------------------------------------------------------------------
[133500/300000] Train loss: 0.00002, Valid loss: 0.14027, Elapsed_time: 7274.94972
Current_accuracy : 94.986, Current_norm_ED  : 0.98
Best_accuracy    : 94.990, Best_norm_ED     : 0.98
--------------------------------------------------------------------------------
Ground Truth              | Prediction                | Confidence Score & T/F
--------------------------------------------------------------------------------
번지                        | 번지                        | 1.0000	True
피                         | 피                         | 1.0000	True
모레                        | 모레                        | 1.0000	True
일치하다                      | 일치하다                      | 1.0000	True
지난날                       | 지난날                       | 0.9998	True
--------------------------------------------------------------------------------
[135000/300000] Train loss: 0.00002, Valid loss: 0.14127, Elapsed_time: 7357.78290
Current_accuracy : 94.936, Current_norm_ED  : 0.98
Best_accuracy    : 94.990, Best_norm_ED     : 0.98
--------------------------------------------------------------------------------
Ground Truth              | Prediction                | Confidence Score & T/F
--------------------------------------------------------------------------------
불쌍하다                      | 불쌍하다                      | 0.9448	True
일곱                        | 일곱                        | 1.0000	True
국가                        | 국가                        | 0.8711	True
지금껏                       | 지금껏                       | 0.9511	True
십이월                       | 십이월                       | 0.9854	True
--------------------------------------------------------------------------------
[136500/300000] Train loss: 0.00002, Valid loss: 0.14090, Elapsed_time: 7438.24438
Current_accuracy : 94.987, Current_norm_ED  : 0.98
Best_accuracy    : 94.990, Best_norm_ED     : 0.98
--------------------------------------------------------------------------------
Ground Truth              | Prediction                | Confidence Score & T/F
--------------------------------------------------------------------------------
마약                        | 마약                        | 1.0000	True
브랜드                       | 브랜드                       | 0.9767	True
사모님                       | 사모님                       | 0.9972	True
계산하다                      | 계산하다                      | 0.9895	True
신청서                       | 신청서                       | 0.8568	True
--------------------------------------------------------------------------------
[138000/300000] Train loss: 0.00002, Valid loss: 0.14091, Elapsed_time: 7520.16079
Current_accuracy : 94.950, Current_norm_ED  : 0.98
Best_accuracy    : 94.990, Best_norm_ED     : 0.98
--------------------------------------------------------------------------------
Ground Truth              | Prediction                | Confidence Score & T/F
--------------------------------------------------------------------------------
소아과                       | 소아과                       | 0.9470	True
고맙다                       | 고맙다                       | 0.7535	True
동창                        | 동창                        | 1.0000	True
원하다                       | 원하다                       | 0.9976	True
인사                        | 인사                        | 1.0000	True
--------------------------------------------------------------------------------
[139500/300000] Train loss: 0.00002, Valid loss: 0.14120, Elapsed_time: 7602.40352
Current_accuracy : 94.983, Current_norm_ED  : 0.98
Best_accuracy    : 94.990, Best_norm_ED     : 0.98
--------------------------------------------------------------------------------
Ground Truth              | Prediction                | Confidence Score & T/F
--------------------------------------------------------------------------------
나쁘다                       | 나쁘다                       | 0.9546	True
연기하다                      | 연기하다                      | 0.7275	True
과외                        | 과외                        | 0.9882	True
건조하다                      | 건조하다                      | 0.9925	True
면                         | 면                         | 1.0000	True
--------------------------------------------------------------------------------
[141000/300000] Train loss: 0.00002, Valid loss: 0.14089, Elapsed_time: 7684.61832
Current_accuracy : 94.985, Current_norm_ED  : 0.98
Best_accuracy    : 94.990, Best_norm_ED     : 0.98
--------------------------------------------------------------------------------
Ground Truth              | Prediction                | Confidence Score & T/F
--------------------------------------------------------------------------------
지불하다                      | 지불하다                      | 0.7603	True
장군                        | 장군                        | 1.0000	True
불가피하다                     | 불가피하다                     | 0.9951	True
다음                        | 다음                        | 1.0000	True
금년                        | 금년                        | 0.9973	True
--------------------------------------------------------------------------------
[142500/300000] Train loss: 0.00002, Valid loss: 0.14068, Elapsed_time: 7766.84306
Current_accuracy : 95.021, Current_norm_ED  : 0.98
Best_accuracy    : 95.021, Best_norm_ED     : 0.98
--------------------------------------------------------------------------------
Ground Truth              | Prediction                | Confidence Score & T/F
--------------------------------------------------------------------------------
손등                        | 손등                        | 0.9999	True
멈추다                       | 멈추다                       | 0.9984	True
사자                        | 사자                        | 1.0000	True
퇴원하다                      | 퇴원하다                      | 0.9988	True
변동                        | 변동                        | 1.0000	True
--------------------------------------------------------------------------------
[144000/300000] Train loss: 0.00002, Valid loss: 0.14089, Elapsed_time: 7847.16626
Current_accuracy : 95.000, Current_norm_ED  : 0.98
Best_accuracy    : 95.021, Best_norm_ED     : 0.98
--------------------------------------------------------------------------------
Ground Truth              | Prediction                | Confidence Score & T/F
--------------------------------------------------------------------------------
대상자                       | 대상자                       | 1.0000	True
바뀌다                       | 바뀌다                       | 0.9940	True
낚시                        | 낚시                        | 1.0000	True
이력서                       | 이력서                       | 0.9997	True
배치                        | 배치                        | 0.9999	True
--------------------------------------------------------------------------------
[145500/300000] Train loss: 0.00002, Valid loss: 0.14146, Elapsed_time: 7929.25964
Current_accuracy : 95.004, Current_norm_ED  : 0.98
Best_accuracy    : 95.021, Best_norm_ED     : 0.98
--------------------------------------------------------------------------------
Ground Truth              | Prediction                | Confidence Score & T/F
--------------------------------------------------------------------------------
앞두다                       | 앞두다                       | 0.5289	True
떠오르다                      | 떠오르다                      | 0.9994	True
숨지다                       | 숨지다                       | 0.7133	True
시외                        | 시외                        | 0.9992	True
이따금                       | 이따금                       | 0.9990	True
--------------------------------------------------------------------------------
[147000/300000] Train loss: 0.00002, Valid loss: 0.14131, Elapsed_time: 8011.28625
Current_accuracy : 94.992, Current_norm_ED  : 0.98
Best_accuracy    : 95.021, Best_norm_ED     : 0.98
--------------------------------------------------------------------------------
Ground Truth              | Prediction                | Confidence Score & T/F
--------------------------------------------------------------------------------
넉                         | 넉                         | 1.0000	True
오히려                       | 오히려                       | 0.9198	True
내다                        | 내다                        | 0.9989	True
먼저                        | 먼저                        | 0.9852	True
스물                        | 스물                        | 0.9999	True
--------------------------------------------------------------------------------
[148500/300000] Train loss: 0.00002, Valid loss: 0.14156, Elapsed_time: 8091.58646
Current_accuracy : 94.990, Current_norm_ED  : 0.98
Best_accuracy    : 95.021, Best_norm_ED     : 0.98
--------------------------------------------------------------------------------
Ground Truth              | Prediction                | Confidence Score & T/F
--------------------------------------------------------------------------------
신분                        | 신분                        | 1.0000	True
실시                        | 실시                        | 1.0000	True
장갑                        | 장갑                        | 1.0000	True
오른손                       | 오른손                       | 0.9993	True
전시                        | 전시                        | 1.0000	True
--------------------------------------------------------------------------------
[150000/300000] Train loss: 0.00002, Valid loss: 0.14158, Elapsed_time: 8171.43018
Current_accuracy : 94.986, Current_norm_ED  : 0.98
Best_accuracy    : 95.021, Best_norm_ED     : 0.98
--------------------------------------------------------------------------------
Ground Truth              | Prediction                | Confidence Score & T/F
--------------------------------------------------------------------------------
단순하다                      | 단순하다                      | 0.9394	True
배우                        | 배우                        | 1.0000	True
고민                        | 고민                        | 1.0000	True
이용자                       | 이용자                       | 0.9991	True
소설가                       | 소설가                       | 1.0000	True
--------------------------------------------------------------------------------
[151500/300000] Train loss: 0.00002, Valid loss: 0.14161, Elapsed_time: 8251.12286
Current_accuracy : 95.011, Current_norm_ED  : 0.98
Best_accuracy    : 95.021, Best_norm_ED     : 0.98
--------------------------------------------------------------------------------
Ground Truth              | Prediction                | Confidence Score & T/F
--------------------------------------------------------------------------------
운전                        | 운전                        | 1.0000	True
청바지                       | 청바지                       | 0.9999	True
수고하다                      | 수고하다                      | 0.9599	True
잔                         | 잔                         | 1.0000	True
가치관                       | 가치관                       | 0.9155	True
--------------------------------------------------------------------------------
[153000/300000] Train loss: 0.00002, Valid loss: 0.14182, Elapsed_time: 8331.15751
Current_accuracy : 95.010, Current_norm_ED  : 0.98
Best_accuracy    : 95.021, Best_norm_ED     : 0.98
--------------------------------------------------------------------------------
Ground Truth              | Prediction                | Confidence Score & T/F
--------------------------------------------------------------------------------
손                         | 손                         | 1.0000	True
근본적                       | 근본적                       | 0.9998	True
일자                        | 일자                        | 1.0000	True
식량                        | 식량                        | 1.0000	True
연설                        | 연설                        | 1.0000	True
--------------------------------------------------------------------------------
[154500/300000] Train loss: 0.00002, Valid loss: 0.14158, Elapsed_time: 8413.06795
Current_accuracy : 95.000, Current_norm_ED  : 0.98
Best_accuracy    : 95.021, Best_norm_ED     : 0.98
--------------------------------------------------------------------------------
Ground Truth              | Prediction                | Confidence Score & T/F
--------------------------------------------------------------------------------
지구                        | 지구                        | 0.9956	True
학원                        | 학원                        | 0.9372	True
들어오다                      | 들어오다                      | 0.9978	True
두세                        | 두세                        | 1.0000	True
띄우다                       | 띄우다                       | 0.9953	True
--------------------------------------------------------------------------------
[156000/300000] Train loss: 0.00002, Valid loss: 0.14208, Elapsed_time: 8493.79584
Current_accuracy : 94.974, Current_norm_ED  : 0.98
Best_accuracy    : 95.021, Best_norm_ED     : 0.98
--------------------------------------------------------------------------------
Ground Truth              | Prediction                | Confidence Score & T/F
--------------------------------------------------------------------------------
그런대로                      | 그런대로                      | 0.9999	True
오늘                        | 소늘                        | 0.6758	False
봄                         | 봄                         | 1.0000	True
관리하다                      | 관리하다                      | 0.6601	True
잡지                        | 잡지                        | 0.9998	True
--------------------------------------------------------------------------------
[157500/300000] Train loss: 0.00002, Valid loss: 0.14181, Elapsed_time: 8576.77369
Current_accuracy : 94.993, Current_norm_ED  : 0.98
Best_accuracy    : 95.021, Best_norm_ED     : 0.98
--------------------------------------------------------------------------------
Ground Truth              | Prediction                | Confidence Score & T/F
--------------------------------------------------------------------------------
무조건                       | 무조건                       | 1.0000	True
암                         | 암                         | 1.0000	True
파란색                       | 파란색                       | 0.9387	True
두리번거리다                    | 두리번거리다                    | 1.0000	True
단계                        | 단체                        | 0.5315	False
--------------------------------------------------------------------------------
[159000/300000] Train loss: 0.00002, Valid loss: 0.14452, Elapsed_time: 8659.57143
Current_accuracy : 94.893, Current_norm_ED  : 0.98
Best_accuracy    : 95.021, Best_norm_ED     : 0.98
--------------------------------------------------------------------------------
Ground Truth              | Prediction                | Confidence Score & T/F
--------------------------------------------------------------------------------
지점                        | 지점                        | 1.0000	True
논                         | 논                         | 0.9999	True
반                         | 반                         | 1.0000	True
영화관                       | 영화관                       | 0.9897	True
취업                        | 취업                        | 0.9999	True
--------------------------------------------------------------------------------
[160500/300000] Train loss: 0.00002, Valid loss: 0.14265, Elapsed_time: 8739.90385
Current_accuracy : 94.943, Current_norm_ED  : 0.98
Best_accuracy    : 95.021, Best_norm_ED     : 0.98
--------------------------------------------------------------------------------
Ground Truth              | Prediction                | Confidence Score & T/F
--------------------------------------------------------------------------------
답장                        | 답장                        | 0.9958	True
검정색                       | 검정색                       | 0.9303	True
남성                        | 남성                        | 0.9837	True
지니다                       | 지니다                       | 1.0000	True
내부                        | 내부                        | 1.0000	True
--------------------------------------------------------------------------------
[162000/300000] Train loss: 0.00002, Valid loss: 0.14227, Elapsed_time: 8820.05769
Current_accuracy : 94.981, Current_norm_ED  : 0.98
Best_accuracy    : 95.021, Best_norm_ED     : 0.98
--------------------------------------------------------------------------------
Ground Truth              | Prediction                | Confidence Score & T/F
--------------------------------------------------------------------------------
물속                        | 물속                        | 1.0000	True
차츰                        | 차츰                        | 1.0000	True
생활하다                      | 생활하다                      | 0.9502	True
주관적                       | 주관적                       | 1.0000	True
떨어뜨리다                     | 떨어뜨리다                     | 0.7458	True
--------------------------------------------------------------------------------
[163500/300000] Train loss: 0.00002, Valid loss: 0.14258, Elapsed_time: 8899.87789
Current_accuracy : 94.987, Current_norm_ED  : 0.98
Best_accuracy    : 95.021, Best_norm_ED     : 0.98
--------------------------------------------------------------------------------
Ground Truth              | Prediction                | Confidence Score & T/F
--------------------------------------------------------------------------------
고급                        | 고급                        | 0.9935	True
이끌다                       | 이끌다                       | 0.9941	True
아르바이트                     | 아르바이트                     | 0.9901	True
밀접하다                      | 밀접하다                      | 0.9999	True
인공                        | 인공                        | 0.9965	True
--------------------------------------------------------------------------------
[165000/300000] Train loss: 0.00002, Valid loss: 0.14223, Elapsed_time: 8981.60449
Current_accuracy : 95.000, Current_norm_ED  : 0.98
Best_accuracy    : 95.021, Best_norm_ED     : 0.98
--------------------------------------------------------------------------------
Ground Truth              | Prediction                | Confidence Score & T/F
--------------------------------------------------------------------------------
차                         | 차                         | 0.9988	True
무겁다                       | 무겁다                       | 0.9987	True
코너                        | 코너                        | 1.0000	True
진통                        | 진통                        | 0.9997	True
고생하다                      | 고생하다                      | 0.6867	True
--------------------------------------------------------------------------------
[166500/300000] Train loss: 0.00002, Valid loss: 0.14247, Elapsed_time: 9061.61325
Current_accuracy : 95.006, Current_norm_ED  : 0.98
Best_accuracy    : 95.021, Best_norm_ED     : 0.98
--------------------------------------------------------------------------------
Ground Truth              | Prediction                | Confidence Score & T/F
--------------------------------------------------------------------------------
기념하다                      | 기념하다                      | 0.9994	True
덜다                        | 덜다                        | 1.0000	True
깜짝                        | 깜짝                        | 1.0000	True
배고프다                      | 배고르다                      | 0.4838	False
앉다                        | 앉다                        | 1.0000	True
--------------------------------------------------------------------------------
[168000/300000] Train loss: 0.00002, Valid loss: 0.14235, Elapsed_time: 9141.90366
Current_accuracy : 95.001, Current_norm_ED  : 0.98
Best_accuracy    : 95.021, Best_norm_ED     : 0.98
--------------------------------------------------------------------------------
Ground Truth              | Prediction                | Confidence Score & T/F
--------------------------------------------------------------------------------
곧잘                        | 골잘                        | 0.7116	False
전                         | 전                         | 1.0000	True
과거                        | 과거                        | 0.9999	True
여왕                        | 이왕                        | 0.7609	False
친해지다                      | 친해지다                      | 0.7716	True
--------------------------------------------------------------------------------
[169500/300000] Train loss: 0.00002, Valid loss: 0.14236, Elapsed_time: 9223.86652
Current_accuracy : 95.007, Current_norm_ED  : 0.98
Best_accuracy    : 95.021, Best_norm_ED     : 0.98
--------------------------------------------------------------------------------
Ground Truth              | Prediction                | Confidence Score & T/F
--------------------------------------------------------------------------------
강력하다                      | 강력하다                      | 0.9806	True
학교                        | 학교                        | 0.9991	True
길                         | 길                         | 0.9999	True
때때로                       | 때때로                       | 0.9996	True
막상                        | 막상                        | 1.0000	True
--------------------------------------------------------------------------------
[171000/300000] Train loss: 0.00002, Valid loss: 0.14285, Elapsed_time: 9304.61788
Current_accuracy : 94.990, Current_norm_ED  : 0.98
Best_accuracy    : 95.021, Best_norm_ED     : 0.98
--------------------------------------------------------------------------------
Ground Truth              | Prediction                | Confidence Score & T/F
--------------------------------------------------------------------------------
낚시                        | 낚시                        | 1.0000	True
민주                        | 민주                        | 1.0000	True
운전                        | 운전                        | 1.0000	True
갈아타다                      | 갈아타다                      | 0.9889	True
걸다                        | 걸다                        | 1.0000	True
--------------------------------------------------------------------------------
[172500/300000] Train loss: 0.00002, Valid loss: 0.14238, Elapsed_time: 9385.19293
Current_accuracy : 94.996, Current_norm_ED  : 0.98
Best_accuracy    : 95.021, Best_norm_ED     : 0.98
--------------------------------------------------------------------------------
Ground Truth              | Prediction                | Confidence Score & T/F
--------------------------------------------------------------------------------
동행                        | 동행                        | 1.0000	True
쇼                         | 쇼                         | 1.0000	True
안녕하다                      | 안녕하다                      | 0.9510	True
백                         | 백                         | 1.0000	True
긍정적                       | 긍정적                       | 0.9744	True
--------------------------------------------------------------------------------
[174000/300000] Train loss: 0.00002, Valid loss: 0.14313, Elapsed_time: 9465.03704
Current_accuracy : 95.004, Current_norm_ED  : 0.98
Best_accuracy    : 95.021, Best_norm_ED     : 0.98
--------------------------------------------------------------------------------
Ground Truth              | Prediction                | Confidence Score & T/F
--------------------------------------------------------------------------------
자라나다                      | 자라나다                      | 1.0000	True
여행                        | 여행                        | 0.9804	True
맛있다                       | 맛있다                       | 0.9986	True
속마음                       | 속마음                       | 1.0000	True
내리다                       | 내리다                       | 0.9976	True
--------------------------------------------------------------------------------
[175500/300000] Train loss: 0.00002, Valid loss: 0.14270, Elapsed_time: 9545.30549
Current_accuracy : 95.019, Current_norm_ED  : 0.98
Best_accuracy    : 95.021, Best_norm_ED     : 0.98
--------------------------------------------------------------------------------
Ground Truth              | Prediction                | Confidence Score & T/F
--------------------------------------------------------------------------------
떠들썩하다                     | 떠들썩하다                     | 0.9406	True
눕다                        | 눕다                        | 0.9997	True
기업                        | 기업                        | 0.8079	True
정식                        | 정식                        | 1.0000	True
지나치다                      | 지나치다                      | 0.9522	True
--------------------------------------------------------------------------------
[177000/300000] Train loss: 0.00002, Valid loss: 0.14310, Elapsed_time: 9627.51625
Current_accuracy : 95.014, Current_norm_ED  : 0.98
Best_accuracy    : 95.021, Best_norm_ED     : 0.98
--------------------------------------------------------------------------------
Ground Truth              | Prediction                | Confidence Score & T/F
--------------------------------------------------------------------------------
고객                        | 고객                        | 1.0000	True
인상                        | 인상                        | 1.0000	True
보장하다                      | 보장하다                      | 0.9997	True
발전하다                      | 발전하다                      | 0.8320	True
회복되다                      | 회복되다                      | 0.9744	True
--------------------------------------------------------------------------------
[178500/300000] Train loss: 0.00002, Valid loss: 0.14347, Elapsed_time: 9709.52203
Current_accuracy : 94.997, Current_norm_ED  : 0.98
Best_accuracy    : 95.021, Best_norm_ED     : 0.98
--------------------------------------------------------------------------------
Ground Truth              | Prediction                | Confidence Score & T/F
--------------------------------------------------------------------------------
흘러가다                      | 흘러가다                      | 1.0000	True
취향                        | 취향                        | 1.0000	True
알맞다                       | 알맞다                       | 0.9998	True
놀리다                       | 놀리다                       | 0.9993	True
해당되다                      | 해당되다                      | 0.5909	True
--------------------------------------------------------------------------------
[180000/300000] Train loss: 0.00002, Valid loss: 0.14334, Elapsed_time: 9790.63714
Current_accuracy : 95.004, Current_norm_ED  : 0.98
Best_accuracy    : 95.021, Best_norm_ED     : 0.98
--------------------------------------------------------------------------------
Ground Truth              | Prediction                | Confidence Score & T/F
--------------------------------------------------------------------------------
소식                        | 소식                        | 1.0000	True
부회장                       | 부회장                       | 0.9999	True
개개인                       | 개개인                       | 0.9311	True
싣다                        | 심다                        | 0.9828	False
헌                         | 헌                         | 0.9996	True
--------------------------------------------------------------------------------
[181500/300000] Train loss: 0.00002, Valid loss: 0.14376, Elapsed_time: 9870.89175
Current_accuracy : 94.985, Current_norm_ED  : 0.98
Best_accuracy    : 95.021, Best_norm_ED     : 0.98
--------------------------------------------------------------------------------
Ground Truth              | Prediction                | Confidence Score & T/F
--------------------------------------------------------------------------------
절차                        | 절차                        | 0.9995	True
나서다                       | 나서다                       | 0.9999	True
통계                        | 통계                        | 1.0000	True
들이마시다                     | 들이마시다                     | 0.9343	True
우연히                       | 우연히                       | 0.9574	True
--------------------------------------------------------------------------------
[183000/300000] Train loss: 0.00002, Valid loss: 0.14294, Elapsed_time: 9951.26263
Current_accuracy : 94.997, Current_norm_ED  : 0.98
Best_accuracy    : 95.021, Best_norm_ED     : 0.98
--------------------------------------------------------------------------------
Ground Truth              | Prediction                | Confidence Score & T/F
--------------------------------------------------------------------------------
외출하다                      | 외출하다                      | 0.9250	True
마약                        | 마약                        | 0.9984	True
통과                        | 통과                        | 0.9999	True
잡아당기다                     | 잡아당기다                     | 0.7760	True
동생                        | 동생                        | 0.9999	True
--------------------------------------------------------------------------------
[184500/300000] Train loss: 0.00002, Valid loss: 0.14379, Elapsed_time: 10033.27203
Current_accuracy : 94.990, Current_norm_ED  : 0.98
Best_accuracy    : 95.021, Best_norm_ED     : 0.98
--------------------------------------------------------------------------------
Ground Truth              | Prediction                | Confidence Score & T/F
--------------------------------------------------------------------------------
맥주                        | 맥주                        | 0.9573	True
강조하다                      | 강조하다                      | 0.9006	True
들이다                       | 들이다                       | 0.8076	True
공연되다                      | 공연되다                      | 0.9992	True
일종                        | 일종                        | 0.9999	True
--------------------------------------------------------------------------------
[186000/300000] Train loss: 0.00002, Valid loss: 0.14357, Elapsed_time: 10113.47213
Current_accuracy : 94.990, Current_norm_ED  : 0.98
Best_accuracy    : 95.021, Best_norm_ED     : 0.98
--------------------------------------------------------------------------------
Ground Truth              | Prediction                | Confidence Score & T/F
--------------------------------------------------------------------------------
골치                        | 골치                        | 1.0000	True
오른발                       | 오른발                       | 0.9999	True
매달다                       | 매달다                       | 1.0000	True
국민적                       | 국민적                       | 0.9995	True
깔끔하다                      | 깔끔하다                      | 0.9984	True
--------------------------------------------------------------------------------
[187500/300000] Train loss: 0.00002, Valid loss: 0.14326, Elapsed_time: 10194.18533
Current_accuracy : 95.014, Current_norm_ED  : 0.98
Best_accuracy    : 95.021, Best_norm_ED     : 0.98
--------------------------------------------------------------------------------
Ground Truth              | Prediction                | Confidence Score & T/F
--------------------------------------------------------------------------------
고치다                       | 고치다                       | 0.9048	True
경주                        | 경주                        | 0.9987	True
매달                        | 매달                        | 0.9982	True
간섭                        | 간섭                        | 0.6430	True
넘겨주다                      | 넘겨주다                      | 0.9166	True
--------------------------------------------------------------------------------
[189000/300000] Train loss: 0.00002, Valid loss: 0.14392, Elapsed_time: 10274.92069
Current_accuracy : 94.994, Current_norm_ED  : 0.98
Best_accuracy    : 95.021, Best_norm_ED     : 0.98
--------------------------------------------------------------------------------
Ground Truth              | Prediction                | Confidence Score & T/F
--------------------------------------------------------------------------------
상징하다                      | 상징하다                      | 0.9998	True
담당                        | 담당                        | 1.0000	True
여관                        | 여관                        | 0.9582	True
오십                        | 오십                        | 1.0000	True
보리                        | 보리                        | 1.0000	True
--------------------------------------------------------------------------------
[190500/300000] Train loss: 0.00002, Valid loss: 0.14350, Elapsed_time: 10354.52633
Current_accuracy : 95.006, Current_norm_ED  : 0.98
Best_accuracy    : 95.021, Best_norm_ED     : 0.98
--------------------------------------------------------------------------------
Ground Truth              | Prediction                | Confidence Score & T/F
--------------------------------------------------------------------------------
재우다                       | 재우다                       | 1.0000	True
급                         | 급                         | 1.0000	True
비율                        | 비율                        | 1.0000	True
이날                        | 이날                        | 0.9970	True
연속                        | 연속                        | 0.9999	True
--------------------------------------------------------------------------------
[192000/300000] Train loss: 0.00002, Valid loss: 0.14423, Elapsed_time: 10434.35806
Current_accuracy : 94.968, Current_norm_ED  : 0.98
Best_accuracy    : 95.021, Best_norm_ED     : 0.98
--------------------------------------------------------------------------------
Ground Truth              | Prediction                | Confidence Score & T/F
--------------------------------------------------------------------------------
일월                        | 일월                        | 0.9648	True
홍보                        | 홍보                        | 1.0000	True
무릎                        | 무릎                        | 0.9864	True
물어보다                      | 물어보다                      | 0.9970	True
구하다                       | 구하다                       | 1.0000	True
--------------------------------------------------------------------------------
[193500/300000] Train loss: 0.00002, Valid loss: 0.14411, Elapsed_time: 10516.53447
Current_accuracy : 95.004, Current_norm_ED  : 0.98
Best_accuracy    : 95.021, Best_norm_ED     : 0.98
--------------------------------------------------------------------------------
Ground Truth              | Prediction                | Confidence Score & T/F
--------------------------------------------------------------------------------
가입                        | 가입                        | 0.8571	True
마치                        | 마치                        | 1.0000	True
딸                         | 딸                         | 1.0000	True
나흘                        | 나흘                        | 1.0000	True
별일                        | 별일                        | 1.0000	True
--------------------------------------------------------------------------------
[195000/300000] Train loss: 0.00002, Valid loss: 0.14380, Elapsed_time: 10597.12004
Current_accuracy : 94.993, Current_norm_ED  : 0.98
Best_accuracy    : 95.021, Best_norm_ED     : 0.98
--------------------------------------------------------------------------------
Ground Truth              | Prediction                | Confidence Score & T/F
--------------------------------------------------------------------------------
상태                        | 상태                        | 1.0000	True
구름                        | 구름                        | 0.9976	True
기성세대                      | 기성세대                      | 0.8965	True
중년                        | 중년                        | 0.9894	True
구경하다                      | 구경하다                      | 0.7585	True
--------------------------------------------------------------------------------
[196500/300000] Train loss: 0.00002, Valid loss: 0.14390, Elapsed_time: 10676.87178
Current_accuracy : 95.001, Current_norm_ED  : 0.98
Best_accuracy    : 95.021, Best_norm_ED     : 0.98
--------------------------------------------------------------------------------
Ground Truth              | Prediction                | Confidence Score & T/F
--------------------------------------------------------------------------------
주스                        | 주스                        | 1.0000	True
고궁                        | 고궁                        | 0.9999	True
근육                        | 근육                        | 0.9956	True
연결                        | 연결                        | 1.0000	True
기대                        | 기대                        | 1.0000	True
--------------------------------------------------------------------------------
[198000/300000] Train loss: 0.00002, Valid loss: 0.14381, Elapsed_time: 10757.87411
Current_accuracy : 95.021, Current_norm_ED  : 0.98
Best_accuracy    : 95.021, Best_norm_ED     : 0.98
--------------------------------------------------------------------------------
Ground Truth              | Prediction                | Confidence Score & T/F
--------------------------------------------------------------------------------
회의                        | 회의                        | 1.0000	True
드디어                       | 드디어                       | 0.9999	True
전선                        | 전선                        | 0.9738	True
앞세우다                      | 앞세우다                      | 1.0000	True
보존하다                      | 보존하다                      | 0.9936	True
--------------------------------------------------------------------------------
[199500/300000] Train loss: 0.00002, Valid loss: 0.14426, Elapsed_time: 10840.51164
Current_accuracy : 95.015, Current_norm_ED  : 0.98
Best_accuracy    : 95.021, Best_norm_ED     : 0.98
--------------------------------------------------------------------------------
Ground Truth              | Prediction                | Confidence Score & T/F
--------------------------------------------------------------------------------
은행                        | 은행                        | 1.0000	True
뜻하다                       | 뜻하다                       | 1.0000	True
안녕                        | 안녕                        | 0.9999	True
잡아당기다                     | 집아당기다                     | 0.5488	False
졸다                        | 졸다                        | 1.0000	True
--------------------------------------------------------------------------------
[201000/300000] Train loss: 0.00002, Valid loss: 0.14440, Elapsed_time: 10921.40781
Current_accuracy : 94.999, Current_norm_ED  : 0.98
Best_accuracy    : 95.021, Best_norm_ED     : 0.98
--------------------------------------------------------------------------------
Ground Truth              | Prediction                | Confidence Score & T/F
--------------------------------------------------------------------------------
수집                        | 수집                        | 0.8769	True
사생활                       | 사생활                       | 1.0000	True
장모                        | 장모                        | 0.9650	True
닥치다                       | 닥치다                       | 0.8030	True
뵙다                        | 뵙다                        | 0.9894	True
--------------------------------------------------------------------------------
[202500/300000] Train loss: 0.00002, Valid loss: 0.14405, Elapsed_time: 11001.70504
Current_accuracy : 94.990, Current_norm_ED  : 0.98
Best_accuracy    : 95.021, Best_norm_ED     : 0.98
--------------------------------------------------------------------------------
Ground Truth              | Prediction                | Confidence Score & T/F
--------------------------------------------------------------------------------
가스                        | 가스                        | 0.9998	True
언론                        | 언론                        | 1.0000	True
최후                        | 최후                        | 0.9990	True
통계                        | 통계                        | 0.9999	True
주먹                        | 주악                        | 0.4174	False
--------------------------------------------------------------------------------
[204000/300000] Train loss: 0.00002, Valid loss: 0.14457, Elapsed_time: 11081.86800
Current_accuracy : 94.989, Current_norm_ED  : 0.98
Best_accuracy    : 95.021, Best_norm_ED     : 0.98
--------------------------------------------------------------------------------
Ground Truth              | Prediction                | Confidence Score & T/F
--------------------------------------------------------------------------------
번째                        | 번째                        | 1.0000	True
긴장하다                      | 긴장하다                      | 0.9992	True
한하다                       | 한하다                       | 0.9474	True
참석하다                      | 참석하다                      | 0.6611	True
전달                        | 전달                        | 0.9994	True
--------------------------------------------------------------------------------
[205500/300000] Train loss: 0.00002, Valid loss: 0.14466, Elapsed_time: 11162.10399
Current_accuracy : 94.994, Current_norm_ED  : 0.98
Best_accuracy    : 95.021, Best_norm_ED     : 0.98
--------------------------------------------------------------------------------
Ground Truth              | Prediction                | Confidence Score & T/F
--------------------------------------------------------------------------------
분량                        | 분량                        | 1.0000	True
마음대로                      | 마음대로                      | 0.9947	True
자주                        | 자주                        | 1.0000	True
막다                        | 막다                        | 0.9998	True
정지                        | 정지                        | 1.0000	True
--------------------------------------------------------------------------------
[207000/300000] Train loss: 0.00002, Valid loss: 0.14488, Elapsed_time: 11242.56279
Current_accuracy : 95.000, Current_norm_ED  : 0.98
Best_accuracy    : 95.021, Best_norm_ED     : 0.98
--------------------------------------------------------------------------------
Ground Truth              | Prediction                | Confidence Score & T/F
--------------------------------------------------------------------------------
지하도                       | 지하도                       | 1.0000	True
뒤지다                       | 뒤지다                       | 0.5690	True
과장                        | 과장                        | 0.9988	True
조깅                        | 조깅                        | 0.8634	True
코                         | 코                         | 1.0000	True
--------------------------------------------------------------------------------
[208500/300000] Train loss: 0.00002, Valid loss: 0.14438, Elapsed_time: 11322.99570
Current_accuracy : 95.003, Current_norm_ED  : 0.98
Best_accuracy    : 95.021, Best_norm_ED     : 0.98
--------------------------------------------------------------------------------
Ground Truth              | Prediction                | Confidence Score & T/F
--------------------------------------------------------------------------------
상당                        | 상당                        | 0.9999	True
수영                        | 수영                        | 1.0000	True
섞이다                       | 섞이다                       | 0.9999	True
까치                        | 까치                        | 1.0000	True
특별히                       | 특별히                       | 0.9923	True
--------------------------------------------------------------------------------
[210000/300000] Train loss: 0.00001, Valid loss: 0.14479, Elapsed_time: 11403.89866
Current_accuracy : 95.007, Current_norm_ED  : 0.98
Best_accuracy    : 95.021, Best_norm_ED     : 0.98
--------------------------------------------------------------------------------
Ground Truth              | Prediction                | Confidence Score & T/F
--------------------------------------------------------------------------------
가죽                        | 가죽                        | 1.0000	True
자세하다                      | 재세하다                      | 0.8966	False
교장                        | 교장                        | 1.0000	True
셋째                        | 셋째                        | 0.9999	True
예상되다                      | 예상되다                      | 0.9991	True
--------------------------------------------------------------------------------
[211500/300000] Train loss: 0.00001, Valid loss: 0.14462, Elapsed_time: 11484.77615
Current_accuracy : 94.994, Current_norm_ED  : 0.98
Best_accuracy    : 95.021, Best_norm_ED     : 0.98
--------------------------------------------------------------------------------
Ground Truth              | Prediction                | Confidence Score & T/F
--------------------------------------------------------------------------------
비다                        | 비다                        | 0.9993	True
맡다                        | 맡다                        | 1.0000	True
전세                        | 전세                        | 1.0000	True
영화배우                      | 영화배우                      | 0.9958	True
재작년                       | 재작년                       | 0.9999	True
--------------------------------------------------------------------------------
[213000/300000] Train loss: 0.00001, Valid loss: 0.14477, Elapsed_time: 11567.56980
Current_accuracy : 95.003, Current_norm_ED  : 0.98
Best_accuracy    : 95.021, Best_norm_ED     : 0.98
--------------------------------------------------------------------------------
Ground Truth              | Prediction                | Confidence Score & T/F
--------------------------------------------------------------------------------
언니                        | 언니                        | 0.9931	True
구속                        | 구속                        | 1.0000	True
조기                        | 조기                        | 1.0000	True
근로                        | 근로                        | 1.0000	True
시작                        | 시작                        | 1.0000	True
--------------------------------------------------------------------------------
[214500/300000] Train loss: 0.00001, Valid loss: 0.14471, Elapsed_time: 11647.34252
Current_accuracy : 95.000, Current_norm_ED  : 0.98
Best_accuracy    : 95.021, Best_norm_ED     : 0.98
--------------------------------------------------------------------------------
Ground Truth              | Prediction                | Confidence Score & T/F
--------------------------------------------------------------------------------
진행되다                      | 진행되다                      | 0.8393	True
총리                        | 총리                        | 0.9997	True
대비                        | 대비                        | 1.0000	True
틀림없이                      | 틀림없이                      | 0.5981	True
그런대로                      | 그런대로                      | 0.9999	True
--------------------------------------------------------------------------------
[216000/300000] Train loss: 0.00001, Valid loss: 0.14488, Elapsed_time: 11729.56688
Current_accuracy : 95.004, Current_norm_ED  : 0.98
Best_accuracy    : 95.021, Best_norm_ED     : 0.98
--------------------------------------------------------------------------------
Ground Truth              | Prediction                | Confidence Score & T/F
--------------------------------------------------------------------------------
실체                        | 실체                        | 1.0000	True
주고받다                      | 주고받다                      | 0.9964	True
교육                        | 교육                        | 1.0000	True
인천공항                      | 인천공항                      | 0.9459	True
사라지다                      | 사라지다                      | 0.5752	True
--------------------------------------------------------------------------------
[217500/300000] Train loss: 0.00001, Valid loss: 0.14485, Elapsed_time: 11811.62004
Current_accuracy : 95.000, Current_norm_ED  : 0.98
Best_accuracy    : 95.021, Best_norm_ED     : 0.98
--------------------------------------------------------------------------------
Ground Truth              | Prediction                | Confidence Score & T/F
--------------------------------------------------------------------------------
구성                        | 구성                        | 1.0000	True
개인                        | 개인                        | 1.0000	True
붙들다                       | 붙들다                       | 0.9667	True
가게                        | 관게                        | 0.9031	False
경찰                        | 경찰                        | 1.0000	True
--------------------------------------------------------------------------------
[219000/300000] Train loss: 0.00001, Valid loss: 0.14487, Elapsed_time: 11891.69201
Current_accuracy : 95.013, Current_norm_ED  : 0.98
Best_accuracy    : 95.021, Best_norm_ED     : 0.98
--------------------------------------------------------------------------------
Ground Truth              | Prediction                | Confidence Score & T/F
--------------------------------------------------------------------------------
개별                        | 개별                        | 1.0000	True
외아들                       | 외아들                       | 0.9959	True
목요일                       | 목요일                       | 0.9924	True
위기                        | 위기                        | 1.0000	True
최선                        | 최선                        | 1.0000	True
--------------------------------------------------------------------------------
[220500/300000] Train loss: 0.00001, Valid loss: 0.14470, Elapsed_time: 11972.90141
Current_accuracy : 95.001, Current_norm_ED  : 0.98
Best_accuracy    : 95.021, Best_norm_ED     : 0.98
--------------------------------------------------------------------------------
Ground Truth              | Prediction                | Confidence Score & T/F
--------------------------------------------------------------------------------
자신감                       | 자신감                       | 1.0000	True
가장                        | 가장                        | 1.0000	True
행사                        | 행사                        | 1.0000	True
앞문                        | 앞문                        | 1.0000	True
의논                        | 의논                        | 1.0000	True
--------------------------------------------------------------------------------
[222000/300000] Train loss: 0.00001, Valid loss: 0.14488, Elapsed_time: 12054.94133
Current_accuracy : 95.001, Current_norm_ED  : 0.98
Best_accuracy    : 95.021, Best_norm_ED     : 0.98
--------------------------------------------------------------------------------
Ground Truth              | Prediction                | Confidence Score & T/F
--------------------------------------------------------------------------------
신라                        | 신라                        | 1.0000	True
부상                        | 본상                        | 0.9984	False
강력히                       | 강력히                       | 0.9988	True
술집                        | 실집                        | 0.6998	False
즐거워하다                     | 즐거워하다                     | 0.7610	True
--------------------------------------------------------------------------------
[223500/300000] Train loss: 0.00001, Valid loss: 0.14588, Elapsed_time: 12135.11453
Current_accuracy : 94.990, Current_norm_ED  : 0.98
Best_accuracy    : 95.021, Best_norm_ED     : 0.98
--------------------------------------------------------------------------------
Ground Truth              | Prediction                | Confidence Score & T/F
--------------------------------------------------------------------------------
굳다                        | 굳다                        | 1.0000	True
말다                        | 말다                        | 0.9999	True
시간                        | 시간                        | 0.9945	True
아빠                        | 아빠                        | 0.9953	True
속담                        | 속담                        | 0.9999	True
--------------------------------------------------------------------------------
[225000/300000] Train loss: 0.00001, Valid loss: 0.14480, Elapsed_time: 12217.65984
Current_accuracy : 95.021, Current_norm_ED  : 0.98
Best_accuracy    : 95.021, Best_norm_ED     : 0.98
--------------------------------------------------------------------------------
Ground Truth              | Prediction                | Confidence Score & T/F
--------------------------------------------------------------------------------
초저녁                       | 초저녁                       | 0.9970	True
대낮                        | 대낮                        | 1.0000	True
척                         | 척                         | 1.0000	True
지도하다                      | 지도하다                      | 0.9999	True
연구                        | 연구                        | 1.0000	True
--------------------------------------------------------------------------------
[226500/300000] Train loss: 0.00001, Valid loss: 0.14499, Elapsed_time: 12300.54660
Current_accuracy : 94.997, Current_norm_ED  : 0.98
Best_accuracy    : 95.021, Best_norm_ED     : 0.98
--------------------------------------------------------------------------------
Ground Truth              | Prediction                | Confidence Score & T/F
--------------------------------------------------------------------------------
캄캄하다                      | 캄캄하다                      | 0.8838	True
불확실하다                     | 불확실하다                     | 0.9990	True
받다                        | 받다                        | 0.9999	True
교양                        | 교양                        | 1.0000	True
저축                        | 저축                        | 1.0000	True
--------------------------------------------------------------------------------
[228000/300000] Train loss: 0.00001, Valid loss: 0.14530, Elapsed_time: 12383.27461
Current_accuracy : 95.014, Current_norm_ED  : 0.98
Best_accuracy    : 95.021, Best_norm_ED     : 0.98
--------------------------------------------------------------------------------
Ground Truth              | Prediction                | Confidence Score & T/F
--------------------------------------------------------------------------------
게다가                       | 게다가                       | 0.9968	True
안정되다                      | 인정되다                      | 0.7709	False
부자                        | 부자                        | 1.0000	True
켜다                        | 켜다                        | 1.0000	True
심다                        | 심다                        | 0.9990	True
--------------------------------------------------------------------------------
[229500/300000] Train loss: 0.00001, Valid loss: 0.14544, Elapsed_time: 12466.03710
Current_accuracy : 95.017, Current_norm_ED  : 0.98
Best_accuracy    : 95.021, Best_norm_ED     : 0.98
--------------------------------------------------------------------------------
Ground Truth              | Prediction                | Confidence Score & T/F
--------------------------------------------------------------------------------
의복                        | 의복                        | 1.0000	True
생활                        | 생활                        | 0.9997	True
슬쩍                        | 순쩍                        | 0.4702	False
미래                        | 미래                        | 0.9953	True
민주화                       | 민주화                       | 0.9570	True
--------------------------------------------------------------------------------
[231000/300000] Train loss: 0.00001, Valid loss: 0.14511, Elapsed_time: 12546.66095
Current_accuracy : 95.011, Current_norm_ED  : 0.98
Best_accuracy    : 95.021, Best_norm_ED     : 0.98
--------------------------------------------------------------------------------
Ground Truth              | Prediction                | Confidence Score & T/F
--------------------------------------------------------------------------------
얘기하다                      | 대기하다                      | 0.3967	False
연극                        | 연극                        | 1.0000	True
충돌하다                      | 충돌하다                      | 0.9830	True
미술관                       | 미술관                       | 1.0000	True
주름살                       | 주름살                       | 1.0000	True
--------------------------------------------------------------------------------
[232500/300000] Train loss: 0.00001, Valid loss: 0.14532, Elapsed_time: 12627.04808
Current_accuracy : 95.015, Current_norm_ED  : 0.98
Best_accuracy    : 95.021, Best_norm_ED     : 0.98
--------------------------------------------------------------------------------
Ground Truth              | Prediction                | Confidence Score & T/F
--------------------------------------------------------------------------------
경영하다                      | 경영하다                      | 1.0000	True
볶다                        | 볶다                        | 0.9996	True
통계                        | 통계                        | 0.9892	True
피망                        | 피망                        | 0.9998	True
뛰어들다                      | 뛰어들다                      | 0.9886	True
--------------------------------------------------------------------------------
[234000/300000] Train loss: 0.00001, Valid loss: 0.14551, Elapsed_time: 12706.73642
Current_accuracy : 95.008, Current_norm_ED  : 0.98
Best_accuracy    : 95.021, Best_norm_ED     : 0.98
--------------------------------------------------------------------------------
Ground Truth              | Prediction                | Confidence Score & T/F
--------------------------------------------------------------------------------
기억나다                      | 기억나다                      | 0.9993	True
언어                        | 언어                        | 0.9980	True
상당히                       | 상당히                       | 0.8738	True
희생                        | 희생                        | 1.0000	True
감사하다                      | 감사하다                      | 0.9968	True
--------------------------------------------------------------------------------
[235500/300000] Train loss: 0.00001, Valid loss: 0.14525, Elapsed_time: 12786.32756
Current_accuracy : 95.010, Current_norm_ED  : 0.98
Best_accuracy    : 95.021, Best_norm_ED     : 0.98
--------------------------------------------------------------------------------
Ground Truth              | Prediction                | Confidence Score & T/F
--------------------------------------------------------------------------------
멋있다                       | 멋있다                       | 0.9921	True
주변                        | 주변                        | 1.0000	True
약혼녀                       | 약혼녀                       | 0.9976	True
금지하다                      | 금지하다                      | 0.8675	True
붉다                        | 붉다                        | 0.9926	True
--------------------------------------------------------------------------------
[237000/300000] Train loss: 0.00001, Valid loss: 0.14597, Elapsed_time: 12866.85329
Current_accuracy : 95.000, Current_norm_ED  : 0.98
Best_accuracy    : 95.021, Best_norm_ED     : 0.98
--------------------------------------------------------------------------------
Ground Truth              | Prediction                | Confidence Score & T/F
--------------------------------------------------------------------------------
운전하다                      | 운전하다                      | 0.7569	True
번역                        | 번역                        | 0.8529	True
이어지다                      | 이어지다                      | 0.6990	True
이용하다                      | 이용하다                      | 0.9900	True
쓸쓸하다                      | 쓸쓸하다                      | 0.9988	True
--------------------------------------------------------------------------------
[238500/300000] Train loss: 0.00001, Valid loss: 0.14616, Elapsed_time: 12946.93677
Current_accuracy : 95.008, Current_norm_ED  : 0.98
Best_accuracy    : 95.021, Best_norm_ED     : 0.98
--------------------------------------------------------------------------------
Ground Truth              | Prediction                | Confidence Score & T/F
--------------------------------------------------------------------------------
단계                        | 단계                        | 1.0000	True
경복궁                       | 경복궁                       | 0.9999	True
오래되다                      | 오래되다                      | 0.9999	True
즐기다                       | 즐기다                       | 0.8692	True
희생                        | 희생                        | 1.0000	True
--------------------------------------------------------------------------------
[240000/300000] Train loss: 0.00001, Valid loss: 0.14586, Elapsed_time: 13026.87290
Current_accuracy : 95.011, Current_norm_ED  : 0.98
Best_accuracy    : 95.021, Best_norm_ED     : 0.98
--------------------------------------------------------------------------------
Ground Truth              | Prediction                | Confidence Score & T/F
--------------------------------------------------------------------------------
인구                        | 인구                        | 1.0000	True
소프트웨어                     | 소프트웨어                     | 0.9999	True
비롯되다                      | 비롯되다                      | 1.0000	True
가까워지다                     | 가까워지다                     | 0.8965	True
구조                        | 구조                        | 0.9834	True
--------------------------------------------------------------------------------
[241500/300000] Train loss: 0.00001, Valid loss: 0.14632, Elapsed_time: 13106.68457
Current_accuracy : 95.018, Current_norm_ED  : 0.98
Best_accuracy    : 95.021, Best_norm_ED     : 0.98
--------------------------------------------------------------------------------
Ground Truth              | Prediction                | Confidence Score & T/F
--------------------------------------------------------------------------------
튀어나오다                     | 튀어나오다                     | 0.8966	True
전용                        | 전용                        | 1.0000	True
뺏다                        | 뺏다                        | 0.6276	True
눈썹                        | 눈썹                        | 1.0000	True
알아내다                      | 알아내다                      | 0.9992	True
--------------------------------------------------------------------------------
[243000/300000] Train loss: 0.00001, Valid loss: 0.14622, Elapsed_time: 13189.65129
Current_accuracy : 95.021, Current_norm_ED  : 0.98
Best_accuracy    : 95.021, Best_norm_ED     : 0.98
--------------------------------------------------------------------------------
Ground Truth              | Prediction                | Confidence Score & T/F
--------------------------------------------------------------------------------
개나리                       | 개나리                       | 0.9999	True
피디                        | 피디                        | 1.0000	True
달려가다                      | 달려가다                      | 1.0000	True
유명                        | 유명                        | 0.9999	True
농민                        | 농민                        | 1.0000	True
--------------------------------------------------------------------------------
[244500/300000] Train loss: 0.00001, Valid loss: 0.14592, Elapsed_time: 13272.35501
Current_accuracy : 95.013, Current_norm_ED  : 0.98
Best_accuracy    : 95.021, Best_norm_ED     : 0.98
--------------------------------------------------------------------------------
Ground Truth              | Prediction                | Confidence Score & T/F
--------------------------------------------------------------------------------
상상하다                      | 상상하다                      | 0.9986	True
경제적                       | 경제적                       | 0.9556	True
먹고살다                      | 역고다                       | 0.5110	False
찌개                        | 찌개                        | 1.0000	True
과외                        | 과외                        | 1.0000	True
--------------------------------------------------------------------------------
[246000/300000] Train loss: 0.00001, Valid loss: 0.14620, Elapsed_time: 13352.00909
Current_accuracy : 95.013, Current_norm_ED  : 0.98
Best_accuracy    : 95.021, Best_norm_ED     : 0.98
--------------------------------------------------------------------------------
Ground Truth              | Prediction                | Confidence Score & T/F
--------------------------------------------------------------------------------
승부                        | 승부                        | 1.0000	True
소식                        | 소식                        | 1.0000	True
우리나라                      | 우리나라                      | 0.9998	True
출장                        | 출장                        | 0.9961	True
설립하다                      | 설립하다                      | 0.9991	True
--------------------------------------------------------------------------------
[247500/300000] Train loss: 0.00001, Valid loss: 0.14647, Elapsed_time: 13433.21153
Current_accuracy : 95.007, Current_norm_ED  : 0.98
Best_accuracy    : 95.021, Best_norm_ED     : 0.98
--------------------------------------------------------------------------------
Ground Truth              | Prediction                | Confidence Score & T/F
--------------------------------------------------------------------------------
배구                        | 배구                        | 1.0000	True
밤낮                        | 밤낮                        | 0.9987	True
구조                        | 구조                        | 1.0000	True
학력                        | 학력                        | 1.0000	True
힘들어하다                     | 힘들어하다                     | 0.9097	True
--------------------------------------------------------------------------------
[249000/300000] Train loss: 0.00001, Valid loss: 0.14596, Elapsed_time: 13513.44575
Current_accuracy : 95.001, Current_norm_ED  : 0.98
Best_accuracy    : 95.021, Best_norm_ED     : 0.98
--------------------------------------------------------------------------------
Ground Truth              | Prediction                | Confidence Score & T/F
--------------------------------------------------------------------------------
캐릭터                       | 캐릭터                       | 0.9999	True
이렇다                       | 이렇다                       | 0.5758	True
주년                        | 주년                        | 1.0000	True
여왕                        | 여왕                        | 0.9980	True
경고                        | 경고                        | 1.0000	True
--------------------------------------------------------------------------------
[250500/300000] Train loss: 0.00001, Valid loss: 0.14635, Elapsed_time: 13593.41999
Current_accuracy : 95.024, Current_norm_ED  : 0.98
Best_accuracy    : 95.024, Best_norm_ED     : 0.98
--------------------------------------------------------------------------------
Ground Truth              | Prediction                | Confidence Score & T/F
--------------------------------------------------------------------------------
기                         | 기                         | 1.0000	True
마이크                       | 마이크                       | 0.8478	True
남동생                       | 남동생                       | 1.0000	True
사월                        | 사월                        | 1.0000	True
별                         | 별                         | 1.0000	True
--------------------------------------------------------------------------------
[252000/300000] Train loss: 0.00001, Valid loss: 0.14614, Elapsed_time: 13673.13409
Current_accuracy : 95.014, Current_norm_ED  : 0.98
Best_accuracy    : 95.024, Best_norm_ED     : 0.98
--------------------------------------------------------------------------------
Ground Truth              | Prediction                | Confidence Score & T/F
--------------------------------------------------------------------------------
검다                        | 걷다                        | 0.9112	False
약                         | 약                         | 1.0000	True
그래픽                       | 그래픽                       | 0.6865	True
예의                        | 예의                        | 1.0000	True
물가                        | 물가                        | 0.9988	True
--------------------------------------------------------------------------------
[253500/300000] Train loss: 0.00001, Valid loss: 0.14631, Elapsed_time: 13752.84629
Current_accuracy : 95.022, Current_norm_ED  : 0.98
Best_accuracy    : 95.024, Best_norm_ED     : 0.98
--------------------------------------------------------------------------------
Ground Truth              | Prediction                | Confidence Score & T/F
--------------------------------------------------------------------------------
의학                        | 의학                        | 1.0000	True
한번                        | 한번                        | 1.0000	True
각                         | 각                         | 1.0000	True
안개                        | 안개                        | 0.9987	True
보도하다                      | 보도하다                      | 0.9494	True
--------------------------------------------------------------------------------
[255000/300000] Train loss: 0.00001, Valid loss: 0.14648, Elapsed_time: 13833.00550
Current_accuracy : 95.018, Current_norm_ED  : 0.98
Best_accuracy    : 95.024, Best_norm_ED     : 0.98
--------------------------------------------------------------------------------
Ground Truth              | Prediction                | Confidence Score & T/F
--------------------------------------------------------------------------------
문득                        | 문득                        | 1.0000	True
담                         | 담                         | 0.9999	True
덜다                        | 덜다                        | 1.0000	True
호텔                        | 호텔                        | 0.9999	True
유산                        | 유산                        | 1.0000	True
--------------------------------------------------------------------------------
[256500/300000] Train loss: 0.00001, Valid loss: 0.14625, Elapsed_time: 13915.56794
Current_accuracy : 95.008, Current_norm_ED  : 0.98
Best_accuracy    : 95.024, Best_norm_ED     : 0.98
--------------------------------------------------------------------------------
Ground Truth              | Prediction                | Confidence Score & T/F
--------------------------------------------------------------------------------
고추장                       | 고추장                       | 0.9999	True
바라다                       | 바라다                       | 1.0000	True
동화책                       | 동화책                       | 0.9999	True
도와주다                      | 도와주다                      | 0.7518	True
평균                        | 평균                        | 0.8612	True
--------------------------------------------------------------------------------
[258000/300000] Train loss: 0.00001, Valid loss: 0.14643, Elapsed_time: 13995.14292
Current_accuracy : 95.000, Current_norm_ED  : 0.98
Best_accuracy    : 95.024, Best_norm_ED     : 0.98
--------------------------------------------------------------------------------
Ground Truth              | Prediction                | Confidence Score & T/F
--------------------------------------------------------------------------------
감소                        | 감소                        | 1.0000	True
상추                        | 상추                        | 0.9999	True
즐거움                       | 즐거움                       | 0.9997	True
열리다                       | 열리다                       | 1.0000	True
매번                        | 매번                        | 1.0000	True
--------------------------------------------------------------------------------
[259500/300000] Train loss: 0.00001, Valid loss: 0.14636, Elapsed_time: 14074.70557
Current_accuracy : 94.994, Current_norm_ED  : 0.98
Best_accuracy    : 95.024, Best_norm_ED     : 0.98
--------------------------------------------------------------------------------
Ground Truth              | Prediction                | Confidence Score & T/F
--------------------------------------------------------------------------------
달리기                       | 달리기                       | 1.0000	True
웃다                        | 웃다                        | 1.0000	True
축하하다                      | 축하하다                      | 0.9938	True
운명                        | 운명                        | 0.9936	True
무                         | 무                         | 1.0000	True
--------------------------------------------------------------------------------
[261000/300000] Train loss: 0.00001, Valid loss: 0.14669, Elapsed_time: 14154.50719
Current_accuracy : 95.013, Current_norm_ED  : 0.98
Best_accuracy    : 95.024, Best_norm_ED     : 0.98
--------------------------------------------------------------------------------
Ground Truth              | Prediction                | Confidence Score & T/F
--------------------------------------------------------------------------------
극히                        | 극히                        | 1.0000	True
연구자                       | 연구자                       | 0.9998	True
저고리                       | 저고리                       | 0.9226	True
짓다                        | 짓다                        | 0.9932	True
종                         | 종                         | 1.0000	True
--------------------------------------------------------------------------------
[262500/300000] Train loss: 0.00001, Valid loss: 0.14688, Elapsed_time: 14234.80629
Current_accuracy : 95.024, Current_norm_ED  : 0.98
Best_accuracy    : 95.024, Best_norm_ED     : 0.98
--------------------------------------------------------------------------------
Ground Truth              | Prediction                | Confidence Score & T/F
--------------------------------------------------------------------------------
기념                        | 기념                        | 0.9996	True
아버님                       | 아버님                       | 0.7919	True
제공                        | 제공                        | 1.0000	True
년                         | 년                         | 1.0000	True
보장                        | 보장                        | 0.9997	True
--------------------------------------------------------------------------------
[264000/300000] Train loss: 0.00001, Valid loss: 0.14668, Elapsed_time: 14315.51057
Current_accuracy : 95.024, Current_norm_ED  : 0.98
Best_accuracy    : 95.024, Best_norm_ED     : 0.98
--------------------------------------------------------------------------------
Ground Truth              | Prediction                | Confidence Score & T/F
--------------------------------------------------------------------------------
영향력                       | 영향력                       | 0.9983	True
진하다                       | 진하다                       | 0.9368	True
건전하다                      | 건전하다                      | 0.5866	True
이곳저곳                      | 이곳저곳                      | 0.5357	True
고무신                       | 고무신                       | 1.0000	True
--------------------------------------------------------------------------------
[265500/300000] Train loss: 0.00001, Valid loss: 0.14677, Elapsed_time: 14395.21247
Current_accuracy : 95.011, Current_norm_ED  : 0.98
Best_accuracy    : 95.024, Best_norm_ED     : 0.98
--------------------------------------------------------------------------------
Ground Truth              | Prediction                | Confidence Score & T/F
--------------------------------------------------------------------------------
채                         | 채                         | 1.0000	True
국민                        | 국민                        | 0.4140	True
하나하나                      | 하나하나                      | 0.9995	True
번개                        | 번개                        | 1.0000	True
벗다                        | 벗다                        | 0.8944	True
--------------------------------------------------------------------------------
[267000/300000] Train loss: 0.00001, Valid loss: 0.14689, Elapsed_time: 14475.74733
Current_accuracy : 95.011, Current_norm_ED  : 0.98
Best_accuracy    : 95.024, Best_norm_ED     : 0.98
--------------------------------------------------------------------------------
Ground Truth              | Prediction                | Confidence Score & T/F
--------------------------------------------------------------------------------
제시                        | 제시                        | 1.0000	True
네거리                       | 네거리                       | 0.9950	True
죄                         | 죄                         | 1.0000	True
휴지                        | 휴지                        | 1.0000	True
교시                        | 교시                        | 1.0000	True
--------------------------------------------------------------------------------
[268500/300000] Train loss: 0.00001, Valid loss: 0.14671, Elapsed_time: 14555.41786
Current_accuracy : 95.000, Current_norm_ED  : 0.98
Best_accuracy    : 95.024, Best_norm_ED     : 0.98
--------------------------------------------------------------------------------
Ground Truth              | Prediction                | Confidence Score & T/F
--------------------------------------------------------------------------------
잘나다                       | 잘나다                       | 1.0000	True
원고                        | 원고                        | 1.0000	True
공공                        | 공공                        | 0.9987	True
기차                        | 기차                        | 0.9970	True
스승                        | 스승                        | 1.0000	True
--------------------------------------------------------------------------------
[270000/300000] Train loss: 0.00001, Valid loss: 0.14665, Elapsed_time: 14635.18256
Current_accuracy : 95.026, Current_norm_ED  : 0.98
Best_accuracy    : 95.026, Best_norm_ED     : 0.98
--------------------------------------------------------------------------------
Ground Truth              | Prediction                | Confidence Score & T/F
--------------------------------------------------------------------------------
울다                        | 울다                        | 1.0000	True
지방                        | 지방                        | 0.9997	True
예술적                       | 예술적                       | 0.9977	True
초조하다                      | 초조하다                      | 0.9984	True
공책                        | 공책                        | 0.9993	True
--------------------------------------------------------------------------------
[271500/300000] Train loss: 0.00001, Valid loss: 0.14707, Elapsed_time: 14715.53886
Current_accuracy : 95.003, Current_norm_ED  : 0.98
Best_accuracy    : 95.026, Best_norm_ED     : 0.98
--------------------------------------------------------------------------------
Ground Truth              | Prediction                | Confidence Score & T/F
--------------------------------------------------------------------------------
예선                        | 예선                        | 0.9998	True
나들이                       | 나들이                       | 1.0000	True
신부                        | 신부                        | 1.0000	True
불평등하다                     | 불평등하다                     | 0.9984	True
경제학                       | 경제학                       | 0.9999	True
--------------------------------------------------------------------------------
[273000/300000] Train loss: 0.00001, Valid loss: 0.14698, Elapsed_time: 14795.99039
Current_accuracy : 95.004, Current_norm_ED  : 0.98
Best_accuracy    : 95.026, Best_norm_ED     : 0.98
--------------------------------------------------------------------------------
Ground Truth              | Prediction                | Confidence Score & T/F
--------------------------------------------------------------------------------
마을                        | 마을                        | 0.9136	True
흑백                        | 흑백                        | 0.9998	True
운동하다                      | 운동하다                      | 0.9962	True
장수                        | 장수                        | 1.0000	True
삼십                        | 삼십                        | 1.0000	True
--------------------------------------------------------------------------------
[274500/300000] Train loss: 0.00001, Valid loss: 0.14694, Elapsed_time: 14876.30394
Current_accuracy : 95.013, Current_norm_ED  : 0.98
Best_accuracy    : 95.026, Best_norm_ED     : 0.98
--------------------------------------------------------------------------------
Ground Truth              | Prediction                | Confidence Score & T/F
--------------------------------------------------------------------------------
구조                        | 구조                        | 1.0000	True
환영                        | 촬영                        | 0.5272	False
보름                        | 보름                        | 0.8884	True
그리하여                      | 그리하여                      | 1.0000	True
우산                        | 우산                        | 1.0000	True
--------------------------------------------------------------------------------
[276000/300000] Train loss: 0.00001, Valid loss: 0.14673, Elapsed_time: 14957.00045
Current_accuracy : 95.031, Current_norm_ED  : 0.98
Best_accuracy    : 95.031, Best_norm_ED     : 0.98
--------------------------------------------------------------------------------
Ground Truth              | Prediction                | Confidence Score & T/F
--------------------------------------------------------------------------------
얹다                        | 얹다                        | 0.9882	True
그만두다                      | 그만두다                      | 0.9993	True
형편                        | 형편                        | 1.0000	True
관습                        | 관습                        | 0.9998	True
관련되다                      | 관련되다                      | 0.9182	True
--------------------------------------------------------------------------------
[277500/300000] Train loss: 0.00001, Valid loss: 0.14692, Elapsed_time: 15038.04030
Current_accuracy : 95.000, Current_norm_ED  : 0.98
Best_accuracy    : 95.031, Best_norm_ED     : 0.98
--------------------------------------------------------------------------------
Ground Truth              | Prediction                | Confidence Score & T/F
--------------------------------------------------------------------------------
씌우다                       | 씌우다                       | 0.9764	True
판결                        | 판결                        | 1.0000	True
조절                        | 조절                        | 1.0000	True
축구장                       | 축구장                       | 0.9993	True
생산                        | 생산                        | 0.9994	True
--------------------------------------------------------------------------------
[279000/300000] Train loss: 0.00001, Valid loss: 0.14740, Elapsed_time: 15120.76911
Current_accuracy : 95.014, Current_norm_ED  : 0.98
Best_accuracy    : 95.031, Best_norm_ED     : 0.98
--------------------------------------------------------------------------------
Ground Truth              | Prediction                | Confidence Score & T/F
--------------------------------------------------------------------------------
병원                        | 병원                        | 1.0000	True
꼴                         | 꼴                         | 1.0000	True
옳다                        | 옳다                        | 0.9959	True
진출하다                      | 진출하다                      | 0.6017	True
안부                        | 안부                        | 1.0000	True
--------------------------------------------------------------------------------
[280500/300000] Train loss: 0.00001, Valid loss: 0.14702, Elapsed_time: 15203.76993
Current_accuracy : 95.021, Current_norm_ED  : 0.98
Best_accuracy    : 95.031, Best_norm_ED     : 0.98
--------------------------------------------------------------------------------
Ground Truth              | Prediction                | Confidence Score & T/F
--------------------------------------------------------------------------------
텅                         | 텅                         | 0.9998	True
재미있다                      | 재미있다                      | 0.5742	True
땅바닥                       | 땅바닥                       | 0.9998	True
의식하다                      | 의식하다                      | 0.9981	True
날                         | 날                         | 1.0000	True
--------------------------------------------------------------------------------
[282000/300000] Train loss: 0.00001, Valid loss: 0.14739, Elapsed_time: 15286.47179
Current_accuracy : 95.008, Current_norm_ED  : 0.98
Best_accuracy    : 95.031, Best_norm_ED     : 0.98
--------------------------------------------------------------------------------
Ground Truth              | Prediction                | Confidence Score & T/F
--------------------------------------------------------------------------------
저절로                       | 저절로                       | 1.0000	True
시스템                       | 시스템                       | 0.9360	True
하나하나                      | 하나하나                      | 0.9961	True
매력                        | 매력                        | 1.0000	True
증세                        | 증세                        | 1.0000	True
--------------------------------------------------------------------------------
[283500/300000] Train loss: 0.00001, Valid loss: 0.14730, Elapsed_time: 15368.78295
Current_accuracy : 95.037, Current_norm_ED  : 0.98
Best_accuracy    : 95.037, Best_norm_ED     : 0.98
--------------------------------------------------------------------------------
Ground Truth              | Prediction                | Confidence Score & T/F
--------------------------------------------------------------------------------
기록하다                      | 기록하다                      | 0.9999	True
임금                        | 임금                        | 1.0000	True
자살하다                      | 자살하다                      | 0.7067	True
북한                        | 북한                        | 0.9930	True
기록                        | 기록                        | 0.9997	True
--------------------------------------------------------------------------------
[285000/300000] Train loss: 0.00001, Valid loss: 0.14789, Elapsed_time: 15451.11329
Current_accuracy : 95.029, Current_norm_ED  : 0.98
Best_accuracy    : 95.037, Best_norm_ED     : 0.98
--------------------------------------------------------------------------------
Ground Truth              | Prediction                | Confidence Score & T/F
--------------------------------------------------------------------------------
놀랍다                       | 놀랍다                       | 0.7404	True
무관심                       | 무관심                       | 0.9999	True
하긴                        | 하긴                        | 1.0000	True
지점                        | 지점                        | 1.0000	True
자존심                       | 자존심                       | 0.7012	True
--------------------------------------------------------------------------------
[286500/300000] Train loss: 0.00001, Valid loss: 0.14795, Elapsed_time: 15533.80296
Current_accuracy : 95.007, Current_norm_ED  : 0.98
Best_accuracy    : 95.037, Best_norm_ED     : 0.98
--------------------------------------------------------------------------------
Ground Truth              | Prediction                | Confidence Score & T/F
--------------------------------------------------------------------------------
별명                        | 별명                        | 0.7307	True
온종일                       | 온종일                       | 1.0000	True
게다가                       | 게다가                       | 0.9963	True
밉다                        | 밉다                        | 0.5090	True
목적                        | 목적                        | 1.0000	True
--------------------------------------------------------------------------------
[288000/300000] Train loss: 0.00001, Valid loss: 0.14726, Elapsed_time: 15613.37601
Current_accuracy : 94.999, Current_norm_ED  : 0.98
Best_accuracy    : 95.037, Best_norm_ED     : 0.98
--------------------------------------------------------------------------------
Ground Truth              | Prediction                | Confidence Score & T/F
--------------------------------------------------------------------------------
부딪히다                      | 부딪히다                      | 0.9185	True
과학                        | 과학                        | 0.9999	True
서늘하다                      | 서늘하다                      | 0.9998	True
순서                        | 순서                        | 1.0000	True
새기다                       | 새기다                       | 0.9655	True
--------------------------------------------------------------------------------
[289500/300000] Train loss: 0.00001, Valid loss: 0.14738, Elapsed_time: 15694.40193
Current_accuracy : 95.011, Current_norm_ED  : 0.98
Best_accuracy    : 95.037, Best_norm_ED     : 0.98
--------------------------------------------------------------------------------
Ground Truth              | Prediction                | Confidence Score & T/F
--------------------------------------------------------------------------------
이용자                       | 이용자                       | 0.9994	True
내려지다                      | 내려지다                      | 0.9982	True
일회용품                      | 일회용품                      | 0.9999	True
길다                        | 길다                        | 1.0000	True
확산되다                      | 확산되다                      | 0.9999	True
--------------------------------------------------------------------------------
[291000/300000] Train loss: 0.00001, Valid loss: 0.14756, Elapsed_time: 15774.25265
Current_accuracy : 95.026, Current_norm_ED  : 0.98
Best_accuracy    : 95.037, Best_norm_ED     : 0.98
--------------------------------------------------------------------------------
Ground Truth              | Prediction                | Confidence Score & T/F
--------------------------------------------------------------------------------
신문지                       | 신문지                       | 1.0000	True
삼키다                       | 삼키치다                      | 0.9924	False
소중하다                      | 소중하다                      | 0.8368	True
메일                        | 메일                        | 0.9985	True
기자                        | 기자                        | 1.0000	True
--------------------------------------------------------------------------------
[292500/300000] Train loss: 0.00001, Valid loss: 0.14767, Elapsed_time: 15856.40419
Current_accuracy : 95.018, Current_norm_ED  : 0.98
Best_accuracy    : 95.037, Best_norm_ED     : 0.98
--------------------------------------------------------------------------------
Ground Truth              | Prediction                | Confidence Score & T/F
--------------------------------------------------------------------------------
영화                        | 영화                        | 0.9999	True
파티                        | 파티                        | 1.0000	True
포크                        | 포크                        | 1.0000	True
통로                        | 통로                        | 0.9693	True
대규모                       | 대규모                       | 0.8917	True
--------------------------------------------------------------------------------
[294000/300000] Train loss: 0.00001, Valid loss: 0.14754, Elapsed_time: 15939.33727
Current_accuracy : 95.011, Current_norm_ED  : 0.98
Best_accuracy    : 95.037, Best_norm_ED     : 0.98
--------------------------------------------------------------------------------
Ground Truth              | Prediction                | Confidence Score & T/F
--------------------------------------------------------------------------------
방지하다                      | 방지하다                      | 0.6285	True
싫어하다                      | 싫어하다                      | 0.8954	True
쉰                         | 쉰                         | 0.2789	True
지겹다                       | 지겹다                       | 0.9998	True
초저녁                       | 초저녁                       | 0.9995	True
--------------------------------------------------------------------------------
[295500/300000] Train loss: 0.00001, Valid loss: 0.14741, Elapsed_time: 16020.44142
Current_accuracy : 94.992, Current_norm_ED  : 0.98
Best_accuracy    : 95.037, Best_norm_ED     : 0.98
--------------------------------------------------------------------------------
Ground Truth              | Prediction                | Confidence Score & T/F
--------------------------------------------------------------------------------
앞두다                       | 앞두다                       | 0.7041	True
세월                        | 세월                        | 1.0000	True
닦다                        | 닦다                        | 0.9878	True
읽히다                       | 임히다                       | 0.3402	False
저렇게                       | 저렇게                       | 0.9889	True
--------------------------------------------------------------------------------
[297000/300000] Train loss: 0.00001, Valid loss: 0.14763, Elapsed_time: 16101.83725
Current_accuracy : 95.039, Current_norm_ED  : 0.98
Best_accuracy    : 95.039, Best_norm_ED     : 0.98
--------------------------------------------------------------------------------
Ground Truth              | Prediction                | Confidence Score & T/F
--------------------------------------------------------------------------------
재즈                        | 재즈                        | 0.9166	True
뜻대로                       | 뜻대로                       | 1.0000	True
작은아들                      | 작은아들                      | 0.9965	True
간혹                        | 간혹                        | 0.9680	True
실수하다                      | 실속하다                      | 0.6486	False
--------------------------------------------------------------------------------
[298500/300000] Train loss: 0.00001, Valid loss: 0.14762, Elapsed_time: 16184.82051
Current_accuracy : 95.011, Current_norm_ED  : 0.98
Best_accuracy    : 95.039, Best_norm_ED     : 0.98
--------------------------------------------------------------------------------
Ground Truth              | Prediction                | Confidence Score & T/F
--------------------------------------------------------------------------------
젖다                        | 젖다                        | 0.9993	True
광장                        | 광장                        | 1.0000	True
줄어들다                      | 줄어들다                      | 0.9919	True
소녀                        | 소녀                        | 0.6509	True
대낮                        | 대낮                        | 0.9325	True
--------------------------------------------------------------------------------
[300000/300000] Train loss: 0.00001, Valid loss: 0.14753, Elapsed_time: 16265.08092
Current_accuracy : 95.007, Current_norm_ED  : 0.98
Best_accuracy    : 95.039, Best_norm_ED     : 0.98
--------------------------------------------------------------------------------
Ground Truth              | Prediction                | Confidence Score & T/F
--------------------------------------------------------------------------------
현재                        | 현재                        | 1.0000	True
각국                        | 각국                        | 1.0000	True
인격                        | 인격                        | 1.0000	True
큰어머니                      | 큰어머니                      | 0.9998	True
카메라                       | 카메라                       | 1.0000	True
--------------------------------------------------------------------------------
end the training
